frame,scenario_id,environment,snr_db,speed_kmph,ai_waveform,oracle_waveform,decision_correct,ACS,oracle_ACS,ACS_regret,BER,oracle_BER,BER_regret,relative_BER_regret
1,A,Urban,12.48,21.3,ODDM,OTFS,0.0,0.956894467248858,0.972769620784313,0.0158751535354547,0.0,0.0,0.0,
2,A,Urban,12.81,23.3,ODDM,OTFS,0.0,0.95981461616372,0.976876303993106,0.0170616878293866,0.0,0.0,0.0,
3,A,Urban,13.49,24.9,ODDM,OTFS,0.0,0.238523755998537,0.265343487092863,0.0268197310943256,0.0140625,0.0130208333333333,0.0010416666666666,0.08
4,A,Urban,14.48,26.1,ODDM,OTFS,0.0,0.260681096894572,0.323237169492676,0.0625560725981039,0.0072916666666666,0.003125,0.0041666666666666,1.33333333333333
5,A,Urban,15.69,26.5,OTFS,OTFS,1.0,0.257299098970032,0.257299098970032,0.0,0.0140625,0.0098958333333333,0.0041666666666666,0.421052631578947
6,A,Urban,16.98,26.2,OTFS,OTFS,1.0,0.981001450535067,0.981001450535067,0.0,0.0,0.0,0.0,
7,A,Urban,17.99,25.1,OTFS,OTFS,1.0,0.97310648625598,0.97310648625598,0.0,0.0,0.0,0.0,
8,A,Urban,17.95,23.2,OTFS,OTFS,1.0,0.970232096899639,0.970232096899639,0.0,0.0,0.0,0.0,
9,A,Urban,17.71,20.7,OTFS,OTFS,1.0,0.985418992920233,0.985418992920233,0.0,0.0,0.0,0.0,
10,A,Urban,17.31,17.9,OTFS,OTFS,1.0,0.977244410207071,0.977244410207071,0.0,0.0,0.0,0.0,
11,A,Urban,16.76,14.9,OTFS,OTFS,1.0,0.24432565210682,0.24432565210682,0.0,0.0182291666666667,0.0182291666666667,0.0,0.0
12,A,Urban,16.1,12.1,OTFS,OTFS,1.0,0.979013689676581,0.979013689676581,0.0,0.0,0.0,0.0,
13,A,Urban,15.38,10.0,OTFS,OTFS,1.0,0.358155518559951,0.358155518559951,0.0,0.0010416666666666,0.0010416666666666,0.0,0.0
14,A,Urban,14.62,10.0,OTFS,OTFS,1.0,0.260479499350868,0.260479499350868,0.0,0.0098958333333333,0.0098958333333333,0.0,0.0
15,A,Urban,13.9,10.0,OTFS,OTFS,1.0,0.979221004176704,0.979221004176704,0.0,0.0,0.0,0.0,
16,A,Urban,12.46,10.0,ODDM,ODDM,1.0,0.959540787070665,0.959540787070665,0.0,0.0,0.0,0.0,
17,A,Urban,10.92,10.0,ODDM,OTFS,0.0,0.266711214119824,0.305930160961986,0.0392189468421624,0.00625,0.0046875,0.0015625,0.333333333333333
18,A,Urban,9.76,10.0,ODDM,OTFS,0.0,0.279826477977323,0.324240543066245,0.044414065088922,0.0057291666666666,0.0026041666666666,0.003125,1.2
19,A,Urban,9.11,10.0,ODDM,OTFS,0.0,0.339405007045208,0.361500537563665,0.022095530518457,0.0010416666666666,0.0010416666666666,0.0,0.0
20,A,Urban,9.05,11.5,ODDM,OTFS,0.0,0.961081670199167,0.976423505838167,0.015341835639,0.0,0.0,0.0,
21,A,Highway,6.57,107.2,OTFS,OTFS,1.0,0.190290124631171,0.190290124631171,0.0,0.078125,0.0755208333333333,0.0026041666666666,0.0344827586206897
22,A,Highway,7.62,114.9,OTFS,ODDM,0.0,0.168574055230538,0.172302510267531,0.0037284550369927,0.123958333333333,0.0765625,0.0473958333333333,0.619047619047619
23,A,Highway,9.08,117.7,OTFS,OTFS,1.0,0.270426777389735,0.270426777389735,0.0,0.0119791666666667,0.0119791666666667,0.0,0.0
24,A,Highway,10.55,113.5,OTFS,OTFS,1.0,0.203742154630527,0.203742154630527,0.0,0.0432291666666667,0.0432291666666667,0.0,0.0
25,A,Highway,11.25,104.2,OTFS,OTFS,1.0,0.986179730540268,0.986179730540268,0.0,0.0,0.0,0.0,
26,A,Highway,12.0,95.0,OTFS,OTFS,1.0,0.985453787904977,0.985453787904977,0.0,0.0,0.0,0.0,
27,A,Highway,12.75,90.8,OTFS,OTFS,1.0,0.366732680891252,0.366732680891252,0.0,0.0010416666666666,0.0010416666666666,0.0,0.0
28,A,Highway,13.45,93.5,OTFS,OTFS,1.0,0.300063953828474,0.300063953828474,0.0,0.0057291666666666,0.0057291666666666,0.0,0.0
29,A,Highway,14.05,101.3,OTFS,OTFS,1.0,0.222012823812773,0.222012823812773,0.0,0.0328125,0.0291666666666667,0.0036458333333333,0.125
30,A,Highway,14.53,109.0,OTFS,ODDM,0.0,0.278262260035973,0.281393067748892,0.0031308077129189,0.0072916666666666,0.0046875,0.0026041666666666,0.555555555555556
31,A,Highway,14.85,111.8,OTFS,OTFS,1.0,0.976910226444845,0.976910226444845,0.0,0.0,0.0,0.0,
32,A,Highway,14.99,107.5,OTFS,OTFS,1.0,0.302387135094372,0.302387135094372,0.0,0.0046875,0.0046875,0.0,0.0
33,A,Highway,14.17,98.3,OTFS,OTFS,1.0,0.978060775997322,0.978060775997322,0.0,0.0,0.0,0.0,
34,A,Highway,12.95,89.1,OTFS,OTFS,1.0,0.985422843098788,0.985422843098788,0.0,0.0,0.0,0.0,
35,A,Highway,11.79,84.8,OTFS,ODDM,0.0,0.149716555242709,0.153073346756239,0.0033567915135305,0.194270833333333,0.1046875,0.0895833333333333,0.855721393034826
36,A,Highway,10.82,87.6,OTFS,OTFS,1.0,0.362674714118942,0.362674714118942,0.0,0.0010416666666666,0.0010416666666666,0.0,0.0
37,A,Highway,10.15,95.4,OTFS,OTFS,1.0,0.172931612007741,0.172931612007741,0.0,0.119791666666667,0.107291666666667,0.0125,0.116504854368932
38,A,Highway,9.8,103.1,OTFS,OTFS,1.0,0.282014043752287,0.282014043752287,0.0,0.0088541666666666,0.0067708333333333,0.0020833333333333,0.307692307692308
39,A,Highway,9.78,105.9,OTFS,ODDM,0.0,0.203765506539748,0.227153893803438,0.0233883872636897,0.0473958333333333,0.0177083333333333,0.0296875,1.67647058823529
40,A,Highway,10.03,101.6,OTFS,OTFS,1.0,0.210456676945518,0.210456676945518,0.0,0.0510416666666667,0.0411458333333333,0.0098958333333333,0.240506329113924
41,A,Highway,10.24,92.4,OTFS,ODDM,0.0,0.272155655185501,0.272803317125485,0.0006476619399841,0.0104166666666667,0.0052083333333333,0.0052083333333333,1.0
42,A,Highway,9.69,83.2,OTFS,ODDM,0.0,0.365338336296619,0.949749940543391,0.584411604246772,0.0010416666666666,0.0,0.0010416666666666,
43,A,Highway,9.29,78.9,OTFS,OTFS,1.0,0.983358321180617,0.983358321180617,0.0,0.0,0.0,0.0,
44,A,Highway,9.05,81.7,OTFS,OTFS,1.0,0.261273876486862,0.261273876486862,0.0,0.0119791666666667,0.0098958333333333,0.0020833333333333,0.210526315789474
45,A,Highway,9.01,89.4,OTFS,OTFS,1.0,0.280241976368692,0.280241976368692,0.0,0.0072916666666666,0.0072916666666666,0.0,0.0
46,A,Urban,12.15,53.4,OTFS,OTFS,1.0,0.18800175745338,0.18800175745338,0.0,0.121354166666667,0.121354166666667,0.0,0.0
47,A,Urban,12.47,54.4,OTFS,OTFS,1.0,0.186517349509618,0.186517349509618,0.0,0.107552083333333,0.107552083333333,0.0,0.0
48,A,Urban,12.95,54.6,OTFS,OTFS,1.0,0.22076108324395,0.22076108324395,0.0,0.04765625,0.04765625,0.0,0.0
49,A,Urban,13.55,53.7,OTFS,OTFS,1.0,0.197952535426739,0.197952535426739,0.0,0.113802083333333,0.113802083333333,0.0,0.0
50,A,Urban,13.48,51.4,OTFS,OTFS,1.0,0.261434125220195,0.261434125220195,0.0,0.0153645833333333,0.0153645833333333,0.0,0.0
51,A,Urban,13.23,47.6,OTFS,OTFS,1.0,0.344180086052854,0.344180086052854,0.0,0.00234375,0.00234375,0.0,0.0
52,A,Urban,13.22,42.7,OTFS,OTFS,1.0,0.156510608328816,0.156510608328816,0.0,0.270833333333333,0.270833333333333,0.0,0.0
53,A,Urban,13.51,37.1,OTFS,OTFS,1.0,0.164766935249398,0.164766935249398,0.0,0.158854166666667,0.158854166666667,0.0,0.0
54,A,Urban,14.1,31.5,OTFS,OTFS,1.0,0.198325887346815,0.198325887346815,0.0,0.0635416666666667,0.0635416666666667,0.0,0.0
55,A,Urban,14.96,26.5,OTFS,OTFS,1.0,0.181880158233967,0.181880158233967,0.0,0.15234375,0.15234375,0.0,0.0
56,A,Urban,16.01,22.7,OTFS,OTFS,1.0,0.263493206290428,0.263493206290428,0.0,0.0182291666666667,0.0182291666666667,0.0,0.0
57,A,Urban,17.13,20.4,OTFS,OTFS,1.0,0.305261685410377,0.305261685410377,0.0,0.0072916666666666,0.0072916666666666,0.0,0.0
58,A,Urban,17.95,19.5,OTFS,OTFS,1.0,0.360417997474535,0.360417997474535,0.0,0.0010416666666666,0.0010416666666666,0.0,0.0
59,A,Urban,17.71,19.8,OTFS,OTFS,1.0,0.381982867026471,0.381982867026471,0.0,0.0002604166666666,0.0002604166666666,0.0,0.0
60,A,Urban,17.31,20.7,OTFS,OTFS,1.0,0.3880781667407,0.3880781667407,0.0,0.0002604166666666,0.0002604166666666,0.0,0.0
1,B,HighSpeedRail,5.48,211.5,OTFS,ODDM,0.0,0.183926097510968,0.18750858421485,0.0035824867038824,0.0729166666666667,0.0609375,0.0119791666666667,0.196581196581197
2,B,HighSpeedRail,5.81,220.0,OTFS,ODDM,0.0,0.184596321769144,0.186985766520975,0.0023894447518315,0.0875,0.04375,0.04375,1.0
3,B,HighSpeedRail,6.49,227.6,OTFS,OTFS,1.0,0.160026008376002,0.160026008376002,0.0,0.1765625,0.13125,0.0453125,0.345238095238095
4,B,HighSpeedRail,7.48,233.1,OTFS,OTFS,1.0,0.200930503668518,0.200930503668518,0.0,0.0473958333333333,0.0473958333333333,0.0,0.0
5,B,HighSpeedRail,8.69,236.0,OTFS,OTFS,1.0,0.208937891917096,0.208937891917096,0.0,0.0541666666666667,0.0541666666666667,0.0,0.0
6,B,HighSpeedRail,9.98,235.8,OTFS,ODDM,0.0,0.305002715353409,0.952909540316712,0.647906824963303,0.0036458333333333,0.0,0.0036458333333333,
7,B,HighSpeedRail,10.99,232.4,OTFS,OTFS,1.0,0.974050848376822,0.974050848376822,0.0,0.0,0.0,0.0,
8,B,HighSpeedRail,10.95,225.9,OTFS,OTFS,1.0,0.257360060680556,0.257360060680556,0.0,0.0161458333333333,0.0161458333333333,0.0,0.0
9,B,HighSpeedRail,10.71,216.9,OTFS,ODDM,0.0,0.246169544075099,0.263033365224637,0.0168638211495382,0.01875,0.0067708333333333,0.0119791666666667,1.76923076923077
10,B,HighSpeedRail,10.31,206.2,OTFS,ODDM,0.0,0.305991401531853,0.334935903008685,0.0289445014768329,0.0036458333333333,0.0010416666666666,0.0026041666666666,2.5
11,B,HighSpeedRail,9.76,194.7,OTFS,OTFS,1.0,0.177082660242514,0.177082660242514,0.0,0.0729166666666667,0.0729166666666667,0.0,0.0
12,B,HighSpeedRail,9.1,183.4,OTFS,OTFS,1.0,0.203244059777577,0.203244059777577,0.0,0.0380208333333333,0.0375,0.0005208333333333,0.0138888888888888
13,B,HighSpeedRail,8.38,173.5,OTFS,OTFS,1.0,0.153504745486089,0.153504745486089,0.0,0.102604166666667,0.0760416666666667,0.0265625,0.349315068493151
14,B,HighSpeedRail,7.62,165.7,OTFS,OTFS,1.0,0.120506956862096,0.120506956862096,0.0,0.201041666666667,0.158854166666667,0.0421875,0.265573770491803
15,B,HighSpeedRail,6.9,160.6,OTFS,OTFS,1.0,0.140867926478411,0.140867926478411,0.0,0.0947916666666667,0.0723958333333333,0.0223958333333333,0.309352517985611
16,B,HighSpeedRail,5.46,158.8,OTFS,OTFS,1.0,0.112651033310687,0.112651033310687,0.0,0.227604166666667,0.188541666666667,0.0390625,0.207182320441989
17,B,HighSpeedRail,3.92,160.2,OTFS,OTFS,1.0,0.147192771985958,0.147192771985958,0.0,0.132291666666667,0.1046875,0.0276041666666667,0.263681592039801
18,B,HighSpeedRail,2.76,164.5,OTFS,OTFS,1.0,0.107928626892388,0.107928626892388,0.0,0.209895833333333,0.178645833333333,0.03125,0.174927113702624
19,B,HighSpeedRail,2.11,171.2,OTFS,OTFS,1.0,0.153752066030987,0.153752066030987,0.0,0.107291666666667,0.107291666666667,0.0,0.0
20,B,HighSpeedRail,2.05,179.3,OTFS,OTFS,1.0,0.185522798274132,0.185522798274132,0.0,0.04375,0.0328125,0.0109375,0.333333333333333
21,B,HighSpeedRail,2.57,188.0,OTFS,OTFS,1.0,0.132674485269319,0.132674485269319,0.0,0.228125,0.178645833333333,0.0494791666666667,0.276967930029154
22,B,HighSpeedRail,3.62,196.2,OTFS,OTFS,1.0,0.10077188417633,0.10077188417633,0.0,0.232291666666667,0.156770833333333,0.0755208333333333,0.481727574750831
23,B,HighSpeedRail,5.08,202.8,OTFS,OTFS,1.0,0.163736012510537,0.163736012510537,0.0,0.0833333333333333,0.0697916666666667,0.0135416666666667,0.194029850746269
24,B,HighSpeedRail,6.55,207.1,OTFS,OTFS,1.0,0.134344415774329,0.134344415774329,0.0,0.184895833333333,0.1125,0.0723958333333333,0.643518518518519
25,B,HighSpeedRail,7.25,208.5,OTFS,OTFS,1.0,0.234051137362879,0.234051137362879,0.0,0.0140625,0.0140625,0.0,0.0
26,B,HighSpeedRail,8.0,206.7,OTFS,OTFS,1.0,0.251417476044918,0.251417476044918,0.0,0.0104166666666667,0.0046875,0.0057291666666666,1.22222222222222
27,B,HighSpeedRail,8.75,201.7,OTFS,OTFS,1.0,0.254565108636183,0.254565108636183,0.0,0.0067708333333333,0.0067708333333333,0.0,0.0
28,B,HighSpeedRail,9.45,193.8,OTFS,OTFS,1.0,0.195192908263243,0.195192908263243,0.0,0.0234375,0.0234375,0.0,0.0
29,B,HighSpeedRail,10.05,183.9,OTFS,OTFS,1.0,0.131758182278234,0.131758182278234,0.0,0.0953125,0.0854166666666667,0.0098958333333333,0.115853658536585
30,B,HighSpeedRail,10.53,172.6,OTFS,ODDM,0.0,0.158531232340286,0.17713240118916,0.0186011688488745,0.0494791666666667,0.0213541666666667,0.028125,1.31707317073171
31,B,HighSpeedRail,10.85,161.1,OTFS,ODDM,0.0,0.1140812153899,0.145688743685102,0.0316075282952016,0.155729166666667,0.0432291666666667,0.1125,2.60240963855422
32,B,HighSpeedRail,10.99,150.4,OTFS,OTFS,1.0,0.192803205894587,0.192803205894587,0.0,0.0421875,0.03125,0.0109375,0.35
33,B,HighSpeedRail,10.17,141.4,OTFS,OTFS,1.0,0.290769709257386,0.290769709257386,0.0,0.0020833333333333,0.0020833333333333,0.0,0.0
34,B,HighSpeedRail,8.95,140.0,OTFS,OTFS,1.0,0.326070959024727,0.326070959024727,0.0,0.0015625,0.0010416666666666,0.0005208333333333,0.5
35,B,HighSpeedRail,7.79,140.0,OTFS,ODDM,0.0,0.117357139052169,0.125423244557417,0.0080661055052485,0.208854166666667,0.0833333333333333,0.125520833333333,1.50625
36,B,HighSpeedRail,6.82,140.0,OTFS,OTFS,1.0,0.175201840320346,0.175201840320346,0.0,0.0739583333333333,0.0557291666666667,0.0182291666666667,0.327102803738318
37,B,HighSpeedRail,6.15,140.0,OTFS,OTFS,1.0,0.124149826809388,0.124149826809388,0.0,0.177083333333333,0.157291666666667,0.0197916666666667,0.125827814569537
38,B,HighSpeedRail,5.8,140.0,OTFS,OTFS,1.0,0.174721071636126,0.174721071636126,0.0,0.06875,0.0661458333333333,0.0026041666666666,0.0393700787401575
39,B,HighSpeedRail,5.78,147.3,OTFS,OTFS,1.0,0.125804607127513,0.125804607127513,0.0,0.18125,0.116145833333333,0.0651041666666667,0.560538116591928
40,B,HighSpeedRail,6.03,155.8,OTFS,OTFS,1.0,0.154456316377014,0.154456316377014,0.0,0.105729166666667,0.0776041666666667,0.028125,0.36241610738255
41,B,Urban,13.24,26.1,OTFS,OTFS,1.0,0.140299706795954,0.140299706795954,0.0,0.154166666666667,0.154166666666667,0.0,0.0
42,B,Urban,12.69,34.1,OTFS,OTFS,1.0,0.319786116447791,0.319786116447791,0.0,0.0013020833333333,0.0013020833333333,0.0,0.0
43,B,Urban,12.29,40.0,OTFS,OTFS,1.0,0.206802817659012,0.206802817659012,0.0,0.0190104166666667,0.0190104166666667,0.0,0.0
44,B,Urban,12.05,42.3,OTFS,OTFS,1.0,0.265199288064994,0.265199288064994,0.0,0.0052083333333333,0.0052083333333333,0.0,0.0
45,B,Urban,12.01,41.7,OTFS,OTFS,1.0,0.18505146482279,0.18505146482279,0.0,0.05859375,0.05859375,0.0,0.0
46,B,Urban,12.15,39.8,OTFS,OTFS,1.0,0.152033437407733,0.152033437407733,0.0,0.146614583333333,0.146614583333333,0.0,0.0
47,B,Urban,12.47,39.1,OTFS,OTFS,1.0,0.189131582597812,0.189131582597812,0.0,0.0533854166666667,0.0533854166666667,0.0,0.0
48,B,Urban,12.95,41.5,OTFS,OTFS,1.0,0.254473237689629,0.254473237689629,0.0,0.01015625,0.01015625,0.0,0.0
49,B,Urban,13.55,47.3,OTFS,OTFS,1.0,0.156622532982829,0.156622532982829,0.0,0.10859375,0.10859375,0.0,0.0
50,B,Urban,13.48,55.4,OTFS,OTFS,1.0,0.234417613125993,0.234417613125993,0.0,0.01796875,0.01796875,0.0,0.0
51,B,HighSpeedRail,6.23,335.7,OTFS,OTFS,1.0,0.17200504697224,0.17200504697224,0.0,0.075,0.0489583333333333,0.0260416666666667,0.531914893617021
52,B,HighSpeedRail,6.22,350.0,OTFS,OTFS,1.0,0.15113524743953,0.15113524743953,0.0,0.122395833333333,0.0604166666666667,0.0619791666666667,1.02586206896552
53,B,HighSpeedRail,6.51,297.2,OTFS,OTFS,1.0,0.151872961196949,0.151872961196949,0.0,0.0729166666666667,0.0473958333333333,0.0255208333333333,0.538461538461539
54,B,HighSpeedRail,7.1,318.9,OTFS,OTFS,1.0,0.14405812106508,0.14405812106508,0.0,0.09375,0.0588541666666667,0.0348958333333333,0.592920353982301
55,B,HighSpeedRail,7.96,340.6,OTFS,OTFS,1.0,0.184573458187711,0.184573458187711,0.0,0.04375,0.04375,0.0,0.0
56,B,HighSpeedRail,9.01,280.4,OTFS,OTFS,1.0,0.145680231640622,0.145680231640622,0.0,0.0963541666666667,0.0645833333333333,0.0317708333333333,0.491935483870968
57,B,HighSpeedRail,10.13,302.0,OTFS,OTFS,1.0,0.18874516398595,0.18874516398595,0.0,0.0213541666666667,0.0182291666666667,0.003125,0.171428571428571
58,B,HighSpeedRail,10.95,323.7,OTFS,OTFS,1.0,0.207370631566505,0.207370631566505,0.0,0.0333333333333333,0.0317708333333333,0.0015625,0.0491803278688525
59,B,HighSpeedRail,10.71,263.5,OTFS,OTFS,1.0,0.149902492835414,0.149902492835414,0.0,0.0989583333333333,0.053125,0.0458333333333333,0.862745098039216
60,B,HighSpeedRail,10.31,285.2,OTFS,OTFS,1.0,0.195015110022921,0.195015110022921,0.0,0.0317708333333333,0.0171875,0.0145833333333333,0.848484848484848
1,C,Pedestrian,17.48,2.2,OTFS,OTFS,1.0,0.975042940981484,0.975042940981484,0.0,0.0,0.0,0.0,
2,C,Pedestrian,17.81,3.1,OTFS,OTFS,1.0,0.988535143797917,0.988535143797917,0.0,0.0,0.0,0.0,
3,C,Pedestrian,18.49,3.6,OTFS,OTFS,1.0,0.989334883578221,0.989334883578221,0.0,0.0,0.0,0.0,
4,C,Pedestrian,19.48,3.5,OTFS,OTFS,1.0,0.987972658239618,0.987972658239618,0.0,0.0,0.0,0.0,
5,C,Pedestrian,20.69,2.8,OTFS,ODDM,0.0,0.344191017357868,0.353675638860044,0.0094846215021756,0.0015625,0.0005208333333333,0.0010416666666666,2.0
6,C,Pedestrian,21.98,1.8,OTFS,OTFS,1.0,0.981640716606262,0.981640716606262,0.0,0.0,0.0,0.0,
7,C,Pedestrian,22.99,0.9,OTFS,OTFS,1.0,0.978753181566853,0.978753181566853,0.0,0.0,0.0,0.0,
8,C,Pedestrian,22.95,0.4,OTFS,OTFS,1.0,0.980097312950302,0.980097312950302,0.0,0.0,0.0,0.0,
9,C,Pedestrian,22.71,0.6,OTFS,OTFS,1.0,0.983179909642657,0.983179909642657,0.0,0.0,0.0,0.0,
10,C,Pedestrian,22.31,1.2,OTFS,OTFS,1.0,0.980978070279418,0.980978070279418,0.0,0.0,0.0,0.0,
11,C,Pedestrian,21.76,2.1,OTFS,OTFS,1.0,0.979118841960891,0.979118841960891,0.0,0.0,0.0,0.0,
12,C,Pedestrian,21.1,2.9,OTFS,OTFS,1.0,0.981645067304412,0.981645067304412,0.0,0.0,0.0,0.0,
13,C,Pedestrian,20.38,3.2,OTFS,OTFS,1.0,0.981736041799983,0.981736041799983,0.0,0.0,0.0,0.0,
14,C,Pedestrian,19.62,2.9,OTFS,OTFS,1.0,0.981615012331088,0.981615012331088,0.0,0.0,0.0,0.0,
15,C,Pedestrian,18.9,2.1,OTFS,OTFS,1.0,0.981659351413402,0.981659351413402,0.0,0.0,0.0,0.0,
16,C,Pedestrian,17.46,1.1,OTFS,OTFS,1.0,0.980289692886645,0.980289692886645,0.0,0.0,0.0,0.0,
17,C,Pedestrian,15.92,0.3,OTFS,ODDM,0.0,0.361711955900676,0.960735905839332,0.599023949938655,0.0010416666666666,0.0,0.0010416666666666,
18,C,Pedestrian,14.76,0.0,OTFS,OTFS,1.0,0.988277253144707,0.988277253144707,0.0,0.0,0.0,0.0,
19,C,Pedestrian,14.11,0.3,OTFS,OTFS,1.0,0.981178619735588,0.981178619735588,0.0,0.0,0.0,0.0,
20,C,Pedestrian,14.05,1.1,OTFS,OTFS,1.0,0.981202840817719,0.981202840817719,0.0,0.0,0.0,0.0,
21,C,Pedestrian,14.57,2.0,OTFS,ODDM,0.0,0.344958921137069,0.352480357361136,0.0075214362240667,0.0015625,0.0005208333333333,0.0010416666666666,2.0
22,C,Pedestrian,15.62,2.7,OTFS,OTFS,1.0,0.980780113068289,0.980780113068289,0.0,0.0,0.0,0.0,
23,C,Pedestrian,17.08,2.8,OTFS,OTFS,1.0,0.980424020094133,0.980424020094133,0.0,0.0,0.0,0.0,
24,C,Pedestrian,18.55,2.3,OTFS,OTFS,1.0,0.989266899121893,0.989266899121893,0.0,0.0,0.0,0.0,
25,C,Pedestrian,19.25,1.4,OTFS,OTFS,1.0,0.989467743231179,0.989467743231179,0.0,0.0,0.0,0.0,
26,C,Pedestrian,20.0,0.4,OTFS,OTFS,1.0,0.981234285765884,0.981234285765884,0.0,0.0,0.0,0.0,
27,C,Pedestrian,20.75,0.0,OTFS,OTFS,1.0,0.98381802210185,0.98381802210185,0.0,0.0,0.0,0.0,
28,C,Pedestrian,21.45,0.0,OTFS,OTFS,1.0,0.982219661558025,0.982219661558025,0.0,0.0,0.0,0.0,
29,C,Pedestrian,22.05,0.2,OTFS,OTFS,1.0,0.986748436946775,0.986748436946775,0.0,0.0,0.0,0.0,
30,C,Pedestrian,22.53,1.0,OTFS,OTFS,1.0,0.982679612495176,0.982679612495176,0.0,0.0,0.0,0.0,
31,C,Urban,17.85,42.8,OTFS,OTFS,1.0,0.353422256467895,0.353422256467895,0.0,0.0010416666666666,0.0010416666666666,0.0,0.0
32,C,Urban,17.99,44.9,OTFS,OTFS,1.0,0.376836940219036,0.376836940219036,0.0,0.0005208333333333,0.0005208333333333,0.0,0.0
33,C,Urban,17.17,46.7,OTFS,OTFS,1.0,0.34341790973481,0.34341790973481,0.0,0.0020833333333333,0.0020833333333333,0.0,0.0
34,C,Urban,15.95,48.0,OTFS,OTFS,1.0,0.98176323368783,0.98176323368783,0.0,0.0,0.0,0.0,
35,C,Urban,14.79,48.7,OTFS,OTFS,1.0,0.136942106274552,0.136942106274552,0.0,0.377604166666667,0.3703125,0.0072916666666667,0.0196905766526021
36,C,Urban,13.82,48.5,OTFS,OTFS,1.0,0.347772221559325,0.347772221559325,0.0,0.003125,0.003125,0.0,0.0
37,C,Urban,13.15,47.6,OTFS,OTFS,1.0,0.193295994042449,0.193295994042449,0.0,0.11328125,0.11328125,0.0,0.0
38,C,Urban,12.8,45.9,OTFS,OTFS,1.0,0.206278444098267,0.206278444098267,0.0,0.0869791666666667,0.0869791666666667,0.0,0.0
39,C,Urban,12.78,43.6,OTFS,OTFS,1.0,0.241698513679028,0.241698513679028,0.0,0.0255208333333333,0.0255208333333333,0.0,0.0
40,C,Urban,13.03,40.9,OTFS,OTFS,1.0,0.159475759577803,0.159475759577803,0.0,0.16953125,0.16953125,0.0,0.0
41,C,Urban,13.24,38.0,OTFS,OTFS,1.0,0.189206803752458,0.189206803752458,0.0,0.125520833333333,0.125520833333333,0.0,0.0
42,C,Urban,12.69,35.4,OTFS,OTFS,1.0,0.343455500161373,0.343455500161373,0.0,0.0020833333333333,0.0020833333333333,0.0,0.0
43,C,Urban,12.29,33.1,OTFS,OTFS,1.0,0.251948735903731,0.251948735903731,0.0,0.0247395833333333,0.0247395833333333,0.0,0.0
44,C,Urban,12.05,31.3,OTFS,OTFS,1.0,0.307721578645605,0.307721578645605,0.0,0.0065104166666666,0.0065104166666666,0.0,0.0
45,C,Urban,12.01,30.4,OTFS,OTFS,1.0,0.204902036623453,0.204902036623453,0.0,0.0783854166666667,0.0783854166666667,0.0,0.0
46,C,Urban,12.15,30.2,OTFS,OTFS,1.0,0.167246194659466,0.167246194659466,0.0,0.163802083333333,0.163802083333333,0.0,0.0
47,C,Urban,12.47,30.9,OTFS,OTFS,1.0,0.212702001566786,0.212702001566786,0.0,0.0427083333333333,0.0427083333333333,0.0,0.0
48,C,Urban,12.95,32.2,OTFS,OTFS,1.0,0.30309312396981,0.30309312396981,0.0,0.00703125,0.00703125,0.0,0.0
49,C,Urban,13.55,34.0,OTFS,OTFS,1.0,0.180007003289242,0.180007003289242,0.0,0.13515625,0.13515625,0.0,0.0
50,C,Urban,13.48,36.1,OTFS,OTFS,1.0,0.34681256853921,0.34681256853921,0.0,0.0020833333333333,0.0020833333333333,0.0,0.0
51,C,Pedestrian,18.23,9.0,OTFS,OTFS,1.0,0.345255215411359,0.345255215411359,0.0,0.0015625,0.0015625,0.0,0.0
52,C,Pedestrian,18.22,9.9,OTFS,ODDM,0.0,0.332145230316438,0.344750478777409,0.0126052484609714,0.0020833333333333,0.0010416666666666,0.0010416666666666,1.0
53,C,Pedestrian,18.51,6.9,OTFS,OTFS,1.0,0.988411482530145,0.988411482530145,0.0,0.0,0.0,0.0,
54,C,Pedestrian,19.1,7.8,OTFS,OTFS,1.0,0.980005143247453,0.980005143247453,0.0,0.0,0.0,0.0,
55,C,Pedestrian,19.96,8.7,OTFS,OTFS,1.0,0.980924746619813,0.980924746619813,0.0,0.0,0.0,0.0,
56,C,Pedestrian,21.01,5.7,OTFS,OTFS,1.0,0.980842971499087,0.980842971499087,0.0,0.0,0.0,0.0,
57,C,Pedestrian,22.13,6.6,OTFS,OTFS,1.0,0.981149860450856,0.981149860450856,0.0,0.0,0.0,0.0,
58,C,Pedestrian,22.95,7.6,OTFS,OTFS,1.0,0.988425493466343,0.988425493466343,0.0,0.0,0.0,0.0,
59,C,Pedestrian,22.71,4.6,OTFS,OTFS,1.0,0.983448108867959,0.983448108867959,0.0,0.0,0.0,0.0,
60,C,Pedestrian,22.31,5.5,OTFS,OTFS,1.0,0.988760811081926,0.988760811081926,0.0,0.0,0.0,0.0,
1,D,Urban,12.48,20.8,ODDM,OTFS,0.0,0.962357134550055,0.980492909965976,0.0181357754159208,0.0,0.0,0.0,
2,D,Urban,12.81,27.5,ODDM,OTFS,0.0,0.959216961633587,0.981936526095703,0.0227195644621159,0.0,0.0,0.0,
3,D,Urban,13.49,21.7,ODDM,OTFS,0.0,0.222159609947735,0.250206144333949,0.0280465343862137,0.0203125,0.0177083333333333,0.0026041666666666,0.147058823529412
4,D,Urban,14.48,38.3,ODDM,OTFS,0.0,0.247354119120557,0.281341482819954,0.0339873636993967,0.0098958333333333,0.0072916666666666,0.0026041666666666,0.357142857142857
5,D,Urban,15.69,27.1,OTFS,OTFS,1.0,0.263284298983877,0.263284298983877,0.0,0.0130208333333333,0.0098958333333333,0.003125,0.315789473684211
6,D,Urban,12.45,43.7,OTFS,OTFS,1.0,0.342865824897369,0.342865824897369,0.0,0.0015625,0.0015625,0.0,0.0
7,D,Urban,17.99,37.9,OTFS,OTFS,1.0,0.979975476581135,0.979975476581135,0.0,0.0,0.0,0.0,
8,D,Urban,17.95,44.6,OTFS,OTFS,1.0,0.978936475756921,0.978936475756921,0.0,0.0,0.0,0.0,
9,D,Highway,11.7,104.6,OTFS,OTFS,1.0,0.204980385104085,0.204980385104085,0.0,0.0966145833333333,0.0966145833333333,0.0,0.0
10,D,Highway,14.31,93.5,OTFS,OTFS,1.0,0.206204013130962,0.206204013130962,0.0,0.0927083333333333,0.0927083333333333,0.0,0.0
11,D,Highway,13.76,108.0,OTFS,OTFS,1.0,0.183828148232533,0.183828148232533,0.0,0.160677083333333,0.160677083333333,0.0,0.0
12,D,Highway,13.1,81.1,OTFS,OTFS,1.0,0.245151579492203,0.245151579492203,0.0,0.0325520833333333,0.0325520833333333,0.0,0.0
13,D,Highway,12.31,95.6,OTFS,OTFS,1.0,0.189508507332404,0.189508507332404,0.0,0.101041666666667,0.101041666666667,0.0,0.0
14,D,Highway,11.62,84.6,OTFS,OTFS,1.0,0.150889586497468,0.150889586497468,0.0,0.191145833333333,0.191145833333333,0.0,0.0
15,D,Pedestrian,18.9,4.7,OTFS,OTFS,1.0,0.980951862182263,0.980951862182263,0.0,0.0,0.0,0.0,
16,D,Pedestrian,17.46,2.2,OTFS,OTFS,1.0,0.983856489359463,0.983856489359463,0.0,0.0,0.0,0.0,
17,D,Pedestrian,15.92,2.6,OTFS,ODDM,0.0,0.362469788651403,0.963634479800255,0.601164691148852,0.0010416666666666,0.0,0.0010416666666666,
18,D,Pedestrian,14.76,3.1,OTFS,OTFS,1.0,0.981722405020382,0.981722405020382,0.0,0.0,0.0,0.0,
19,D,Pedestrian,14.11,0.6,OTFS,OTFS,1.0,0.988747557998204,0.988747557998204,0.0,0.0,0.0,0.0,
20,D,HighSpeedRail,2.05,178.4,OTFS,OTFS,1.0,0.152130956041477,0.152130956041477,0.0,0.287326388888889,0.287326388888889,0.0,0.0
21,D,HighSpeedRail,-2.15,229.9,OTFS,ODDM,0.0,0.115765624458063,0.121780955012529,0.006015330554466,0.450694444444444,0.442708333333333,0.0079861111111111,0.0180392156862746
22,D,HighSpeedRail,3.62,218.4,OTFS,OTFS,1.0,0.138027153183344,0.138027153183344,0.0,0.412152777777778,0.412152777777778,0.0,0.0
23,D,HighSpeedRail,5.08,206.9,OTFS,OTFS,1.0,0.161371275133915,0.161371275133915,0.0,0.331597222222222,0.331597222222222,0.0,0.0
24,D,HighSpeedRail,6.55,258.5,OTFS,OTFS,1.0,0.14318811892653,0.14318811892653,0.0,0.375868055555556,0.375868055555556,0.0,0.0
25,D,HighSpeedRail,7.25,310.0,OTFS,OTFS,1.0,0.186227123386385,0.186227123386385,0.0,0.236805555555556,0.236805555555556,0.0,0.0
26,D,HighSpeedRail,8.0,298.5,OTFS,OTFS,1.0,0.18295537102197,0.18295537102197,0.0,0.225694444444444,0.225694444444444,0.0,0.0
27,D,HighSpeedRail,8.75,287.1,OTFS,OTFS,1.0,0.161990540191008,0.161990540191008,0.0,0.235243055555556,0.235243055555556,0.0,0.0
28,D,HighSpeedRail,9.45,338.6,OTFS,OTFS,1.0,0.149703264343169,0.149703264343169,0.0,0.286284722222222,0.286284722222222,0.0,0.0
29,D,Urban,17.05,42.8,OTFS,OTFS,1.0,0.175441581707505,0.175441581707505,0.0,0.13671875,0.13671875,0.0,0.0
30,D,Urban,17.53,51.7,OTFS,OTFS,1.0,0.23478058194033,0.23478058194033,0.0,0.0356770833333333,0.0356770833333333,0.0,0.0
31,D,Urban,17.85,54.1,OTFS,OTFS,1.0,0.348744396309826,0.348744396309826,0.0,0.0010416666666666,0.0010416666666666,0.0,0.0
32,D,Urban,17.99,50.0,OTFS,OTFS,1.0,0.368198512979109,0.368198512979109,0.0,0.0005208333333333,0.0005208333333333,0.0,0.0
33,D,Urban,17.17,46.0,OTFS,OTFS,1.0,0.354644218413496,0.354644218413496,0.0,0.0020833333333333,0.0020833333333333,0.0,0.0
34,D,Urban,15.95,48.4,OTFS,OTFS,1.0,0.979743454766257,0.979743454766257,0.0,0.0,0.0,0.0,
35,D,Urban,14.79,57.3,OTFS,ODDM,0.0,0.118839123570898,0.123176833240961,0.0043377096700629,0.359635416666667,0.359635416666667,0.0,0.0
36,D,Highway,10.82,127.5,OTFS,OTFS,1.0,0.161266474662588,0.161266474662588,0.0,0.2078125,0.2078125,0.0,0.0
37,D,Highway,10.15,115.1,OTFS,OTFS,1.0,0.145966402082887,0.145966402082887,0.0,0.336458333333333,0.336458333333333,0.0,0.0
38,D,Highway,9.8,102.8,OTFS,OTFS,1.0,0.178405970975705,0.178405970975705,0.0,0.213715277777778,0.213715277777778,0.0,0.0
39,D,Highway,9.78,90.4,OTFS,OTFS,1.0,0.155526763668882,0.155526763668882,0.0,0.270486111111111,0.270486111111111,0.0,0.0
40,D,Highway,10.03,78.0,OTFS,OTFS,1.0,0.144543460303376,0.144543460303376,0.0,0.302777777777778,0.302777777777778,0.0,0.0
41,D,Pedestrian,18.24,9.7,OTFS,OTFS,1.0,0.980108366113747,0.980108366113747,0.0,0.0,0.0,0.0,
42,D,Pedestrian,17.69,10.0,OTFS,OTFS,1.0,0.989459416149751,0.989459416149751,0.0,0.0,0.0,0.0,
43,D,Pedestrian,17.29,8.3,OTFS,OTFS,1.0,0.981978380531515,0.981978380531515,0.0,0.0,0.0,0.0,
44,D,Pedestrian,17.05,5.4,OTFS,OTFS,1.0,0.978264210006994,0.978264210006994,0.0,0.0,0.0,0.0,
45,D,Pedestrian,17.01,3.8,OTFS,OTFS,1.0,0.370805300389785,0.370805300389785,0.0,0.0005208333333333,0.0005208333333333,0.0,0.0
46,D,Pedestrian,17.15,4.1,OTFS,OTFS,1.0,0.983523352273634,0.983523352273634,0.0,0.0,0.0,0.0,
47,D,Urban,12.47,21.5,ODDM,OTFS,0.0,0.95531386830181,0.98782211659921,0.0325082482973993,0.0,0.0,0.0,
48,D,Urban,12.95,24.7,ODDM,OTFS,0.0,0.959010490409451,0.97730809897311,0.0182976085636595,0.0,0.0,0.0,
49,D,Urban,13.55,27.1,ODDM,OTFS,0.0,0.220540921648912,0.26522205342289,0.0446811317739771,0.021875,0.0119791666666667,0.0098958333333333,0.826086956521739
50,D,Urban,13.48,28.1,ODDM,OTFS,0.0,0.956545486177181,0.981011223244789,0.0244657370676078,0.0,0.0,0.0,
51,D,Urban,13.23,27.4,OTFS,OTFS,1.0,0.980271434937727,0.980271434937727,0.0,0.0,0.0,0.0,
52,D,Urban,13.22,25.0,OTFS,OTFS,1.0,0.199626969655081,0.199626969655081,0.0,0.0588541666666667,0.0494791666666667,0.009375,0.189473684210526
53,D,Urban,13.51,21.6,OTFS,OTFS,1.0,0.979458944151639,0.979458944151639,0.0,0.0,0.0,0.0,
54,D,Urban,14.1,17.7,OTFS,OTFS,1.0,0.979256738524408,0.979256738524408,0.0,0.0,0.0,0.0,
55,D,Urban,14.96,14.2,OTFS,OTFS,1.0,0.291564988803418,0.291564988803418,0.0,0.0088541666666666,0.0088541666666666,0.0,0.0
56,D,Urban,10.35,11.9,ODDM,ODDM,1.0,0.966003850699172,0.966003850699172,0.0,0.0,0.0,0.0,
57,D,Urban,14.28,11.2,ODDM,OTFS,0.0,0.965351615837947,0.987619421728712,0.022267805890765,0.0,0.0,0.0,
58,D,Urban,17.95,12.2,ODDM,OTFS,0.0,0.963618366190873,0.988721959605862,0.0251035934149886,0.0,0.0,0.0,
59,D,Urban,17.71,14.6,ODDM,OTFS,0.0,0.963688557524718,0.98813835297034,0.0244497954456224,0.0,0.0,0.0,
60,D,Urban,17.31,17.8,OTFS,OTFS,1.0,0.989459081167381,0.989459081167381,0.0,0.0,0.0,0.0,
1,E,Urban,13.0,11.0,OTFS,ODDM,0.0,0.896419046215645,0.909899191238352,0.0134801450227069,0.0,0.0,0.0,
2,E,Urban,13.0,11.0,OTFS,OTFS,1.0,0.934392697883199,0.934392697883199,0.0,0.0,0.0,0.0,
3,E,Urban,13.0,11.0,OTFS,OTFS,1.0,0.168574104411503,0.168574104411503,0.0,0.0557291666666667,0.0557291666666667,0.0,0.0
4,E,Urban,9.0,11.0,ODDM,OTFS,0.0,0.13896336361583,0.196088974263119,0.057125610647289,0.0473958333333333,0.0354166666666667,0.0119791666666667,0.338235294117647
5,E,Urban,9.0,11.0,ODDM,OTFS,0.0,0.102529250540296,0.131548799918584,0.0290195493782885,0.134375,0.1328125,0.0015624999999999,0.0117647058823529
6,E,Urban,9.0,11.0,ODDM,OTFS,0.0,0.907582286518752,0.951848113066408,0.0442658265476565,0.0,0.0,0.0,
7,E,Urban,13.0,15.0,ODDM,OTFS,0.0,0.251069369896658,0.945221316224316,0.694151946327658,0.0020833333333333,0.0,0.0020833333333333,
8,E,Urban,13.0,15.0,OTFS,OTFS,1.0,0.184091958269478,0.184091958269478,0.0,0.0296875,0.0296875,0.0,0.0
9,E,Urban,13.0,15.0,OTFS,OTFS,1.0,0.952024737825227,0.952024737825227,0.0,0.0,0.0,0.0,
10,E,Urban,9.0,15.0,OTFS,OTFS,1.0,0.187795430083817,0.187795430083817,0.0,0.0265625,0.0265625,0.0,0.0
11,E,Urban,9.0,15.0,OTFS,OTFS,1.0,0.12162606872982,0.12162606872982,0.0,0.191145833333333,0.1734375,0.0177083333333333,0.102102102102102
12,E,Urban,9.0,15.0,ODDM,OTFS,0.0,0.260262581884632,0.30022793127306,0.0399653493884279,0.0026041666666666,0.0026041666666666,0.0,0.0
13,E,Urban,13.0,19.0,ODDM,OTFS,0.0,0.150801456703116,0.202239917299065,0.0514384605959493,0.0375,0.0203125,0.0171875,0.846153846153846
14,E,Urban,13.0,19.0,ODDM,OTFS,0.0,0.152517740038823,0.198406954668118,0.0458892146292944,0.0317708333333333,0.0239583333333333,0.0078125,0.326086956521739
15,E,Urban,13.0,19.0,ODDM,OTFS,0.0,0.907581137332994,0.957710338862406,0.0501292015294124,0.0,0.0,0.0,
16,E,Urban,9.0,19.0,ODDM,OTFS,0.0,0.158958169339137,0.192285147843962,0.0333269785048251,0.0302083333333333,0.0302083333333333,0.0,0.0
17,E,Urban,9.0,19.0,ODDM,OTFS,0.0,0.178875070558607,0.2112748312405,0.0323997606818927,0.0203125,0.0177083333333333,0.0026041666666666,0.147058823529412
18,E,Urban,9.0,19.0,ODDM,OTFS,0.0,0.179429495618328,0.22930110241202,0.0498716067936922,0.01875,0.0177083333333333,0.0010416666666666,0.0588235294117647
19,E,Urban,13.0,23.0,OTFS,OTFS,1.0,0.948588318153952,0.948588318153952,0.0,0.0,0.0,0.0,
20,E,Urban,13.0,23.0,OTFS,OTFS,1.0,0.949592134666298,0.949592134666298,0.0,0.0,0.0,0.0,
21,E,Urban,13.0,23.0,OTFS,OTFS,1.0,0.263002378514997,0.263002378514997,0.0,0.0072916666666666,0.00625,0.0010416666666666,0.166666666666667
22,E,Urban,9.0,23.0,OTFS,OTFS,1.0,0.279201301493916,0.279201301493916,0.0,0.0052083333333333,0.0036458333333333,0.0015625,0.428571428571428
23,E,Urban,9.0,23.0,ODDM,ODDM,1.0,0.907430989900337,0.907430989900337,0.0,0.0,0.0,0.0,
24,E,Urban,9.0,23.0,ODDM,OTFS,0.0,0.141384430892056,0.170644150291995,0.0292597193999395,0.0588541666666667,0.0546875,0.0041666666666666,0.0761904761904762
1,F,UrbanFast,12.48,20.2,OTFS,OTFS,1.0,0.267815743819257,0.267815743819257,0.0,0.0026939655172413,0.0026939655172413,0.0,0.0
2,F,UrbanFast,12.81,27.0,OTFS,OTFS,1.0,0.965597035648546,0.965597035648546,0.0,0.0,0.0,0.0,
3,F,UrbanFast,13.49,21.6,OTFS,OTFS,1.0,0.212643263154501,0.212643263154501,0.0,0.0317887931034483,0.0317887931034483,0.0,0.0
4,F,UrbanFast,14.48,11.9,OTFS,OTFS,1.0,0.277144529962628,0.277144529962628,0.0,0.0086206896551724,0.0064655172413793,0.0021551724137931,0.333333333333333
5,F,UrbanFast,15.69,13.0,OTFS,OTFS,1.0,0.339347770816023,0.339347770816023,0.0,0.0016163793103448,0.0016163793103448,0.0,0.0
6,F,UrbanFast,16.98,22.0,OTFS,OTFS,1.0,0.975895894762769,0.975895894762769,0.0,0.0,0.0,0.0,
7,F,UrbanFast,17.99,23.1,OTFS,OTFS,1.0,0.979827064682965,0.979827064682965,0.0,0.0,0.0,0.0,
8,F,UrbanFast,17.95,13.4,OTFS,OTFS,1.0,0.979053974872364,0.979053974872364,0.0,0.0,0.0,0.0,
9,F,UrbanFast,17.71,10.0,OTFS,OTFS,1.0,0.978222563706687,0.978222563706687,0.0,0.0,0.0,0.0,
10,F,UrbanFast,17.31,14.8,OTFS,OTFS,1.0,0.976425315701181,0.976425315701181,0.0,0.0,0.0,0.0,
11,F,Urban,16.76,21.1,OTFS,OTFS,1.0,0.17057703963993,0.17057703963993,0.0,0.145833333333333,0.145833333333333,0.0,0.0
12,F,Urban,16.1,23.7,OTFS,OTFS,1.0,0.334355165546131,0.334355165546131,0.0,0.0028645833333333,0.0028645833333333,0.0,0.0
13,F,Urban,15.38,13.9,OTFS,OTFS,1.0,0.17862198701769,0.17862198701769,0.0,0.09765625,0.09765625,0.0,0.0
14,F,Urban,14.62,26.4,OTFS,OTFS,1.0,0.192829251374525,0.192829251374525,0.0,0.138020833333333,0.138020833333333,0.0,0.0
15,F,Urban,13.9,11.0,OTFS,OTFS,1.0,0.311368072115042,0.311368072115042,0.0,0.0052083333333333,0.0052083333333333,0.0,0.0
16,F,Urban,12.46,23.5,OTFS,OTFS,1.0,0.183378125770602,0.183378125770602,0.0,0.108333333333333,0.108333333333333,0.0,0.0
17,F,Urban,10.92,13.7,OTFS,OTFS,1.0,0.206326772815646,0.206326772815646,0.0,0.0856770833333333,0.0856770833333333,0.0,0.0
18,F,Urban,9.76,16.2,OTFS,OTFS,1.0,0.181125225172688,0.181125225172688,0.0,0.10703125,0.10703125,0.0,0.0
19,F,UrbanFast,9.11,58.5,OTFS,OTFS,1.0,0.340657017028344,0.340657017028344,0.0,0.0016163793103448,0.0016163793103448,0.0,0.0
20,F,UrbanFast,9.05,56.0,OTFS,OTFS,1.0,0.980140937852212,0.980140937852212,0.0,0.0,0.0,0.0,
21,F,UrbanFast,9.57,43.5,OTFS,OTFS,1.0,0.260756755928103,0.260756755928103,0.0,0.015625,0.015625,0.0,0.0
22,F,UrbanFast,10.62,25.0,OTFS,OTFS,1.0,0.358828004533402,0.358828004533402,0.0,0.0010775862068965,0.0010775862068965,0.0,0.0
23,F,UrbanFast,12.08,12.6,OTFS,OTFS,1.0,0.976517729473822,0.976517729473822,0.0,0.0,0.0,0.0,
24,F,UrbanFast,13.55,10.0,OTFS,OTFS,1.0,0.323949111764038,0.323949111764038,0.0,0.0021551724137931,0.0021551724137931,0.0,0.0
1,G,HighSpeedRail,5.48,339.2,OTFS,ODDM,0.0,0.155876531561811,0.174762126599795,0.0188855950379843,0.0942708333333333,0.0677083333333333,0.0265625,0.392307692307692
2,G,HighSpeedRail,5.81,350.0,OTFS,ODDM,0.0,0.187175245080175,0.192192949567037,0.0050177044868614,0.0854166666666667,0.0453125,0.0401041666666667,0.885057471264368
3,G,HighSpeedRail,6.49,340.8,OTFS,ODDM,0.0,0.147447395614684,0.153950282919674,0.00650288730499,0.160416666666667,0.0942708333333333,0.0661458333333333,0.701657458563536
4,G,HighSpeedRail,7.48,300.8,OTFS,OTFS,1.0,0.187089779025344,0.187089779025344,0.0,0.06875,0.065625,0.003125,0.0476190476190477
5,G,HighSpeedRail,8.69,312.6,OTFS,OTFS,1.0,0.186676692574238,0.186676692574238,0.0,0.0651041666666667,0.0651041666666667,0.0,0.0
6,G,HighSpeedRail,9.98,350.0,OTFS,ODDM,0.0,0.316458483422005,0.339959873106861,0.0235013896848558,0.003125,0.0010416666666666,0.0020833333333333,2.0
7,G,HighSpeedRail,10.99,342.2,OTFS,OTFS,1.0,0.977347673101409,0.977347673101409,0.0,0.0,0.0,0.0,
8,G,HighSpeedRail,10.95,297.4,OTFS,OTFS,1.0,0.254038768571158,0.254038768571158,0.0,0.0161458333333333,0.0104166666666667,0.0057291666666666,0.55
9,G,HighSpeedRail,10.71,289.4,OTFS,ODDM,0.0,0.255555954635831,0.259271174328101,0.0037152196922696,0.0171875,0.009375,0.0078125,0.833333333333334
10,G,HighSpeedRail,10.31,327.0,OTFS,OTFS,1.0,0.979918457289587,0.979918457289587,0.0,0.0,0.0,0.0,
11,G,HighSpeedRail,9.76,338.8,OTFS,OTFS,1.0,0.191300001340877,0.191300001340877,0.0,0.0885416666666667,0.0875,0.0010416666666666,0.011904761904762
12,G,HighSpeedRail,9.1,298.9,OTFS,ODDM,0.0,0.231316117737505,0.243704787337221,0.0123886695997157,0.03125,0.0140625,0.0171875,1.22222222222222
13,G,HighSpeedRail,8.38,272.2,OTFS,ODDM,0.0,0.155057077625573,0.173001549004558,0.0179444713789849,0.110416666666667,0.0744791666666667,0.0359375,0.482517482517482
14,G,HighSpeedRail,7.62,300.5,OTFS,OTFS,1.0,0.159183897680721,0.159183897680721,0.0,0.200520833333333,0.152604166666667,0.0479166666666667,0.313993174061433
15,G,HighSpeedRail,6.9,239.0,OTFS,OTFS,1.0,0.195687994688143,0.195687994688143,0.0,0.0703125,0.0578125,0.0125,0.216216216216216
16,G,HighSpeedRail,5.46,275.5,OTFS,OTFS,1.0,0.138471935764423,0.138471935764423,0.0,0.257291666666667,0.204166666666667,0.053125,0.260204081632653
17,G,HighSpeedRail,3.92,230.1,OTFS,ODDM,0.0,0.15252181349543,0.158065696779164,0.0055438832837342,0.171875,0.1171875,0.0546875,0.466666666666667
18,G,HighSpeedRail,2.76,266.5,OTFS,OTFS,1.0,0.149844434814888,0.149844434814888,0.0,0.2234375,0.194270833333333,0.0291666666666667,0.150134048257373
19,G,HighSpeedRail,2.11,303.0,OTFS,OTFS,1.0,0.16497211382844,0.16497211382844,0.0,0.1390625,0.133333333333333,0.0057291666666666,0.0429687500000001
20,G,HighSpeedRail,2.05,257.6,OTFS,OTFS,1.0,0.205297025227457,0.205297025227457,0.0,0.0515625,0.0401041666666667,0.0114583333333333,0.285714285714286
21,G,HighSpeedRail,2.57,294.1,OTFS,OTFS,1.0,0.140766530233142,0.140766530233142,0.0,0.2546875,0.206770833333333,0.0479166666666667,0.231738035264484
22,G,HighSpeedRail,3.62,330.5,OTFS,OTFS,1.0,0.154494751647229,0.154494751647229,0.0,0.205729166666667,0.159375,0.0463541666666667,0.290849673202614
23,G,HighSpeedRail,5.08,285.1,OTFS,OTFS,1.0,0.195552646036116,0.195552646036116,0.0,0.0697916666666667,0.0572916666666667,0.0125,0.218181818181818
24,G,HighSpeedRail,6.55,321.6,OTFS,OTFS,1.0,0.166593550507275,0.166593550507275,0.0,0.142708333333333,0.0932291666666667,0.0494791666666667,0.53072625698324
1,H,Pedestrian,16.0,3.0,OTFS,OTFS,1.0,0.971421561458931,0.971421561458931,0.0,0.0,0.0,0.0,
2,H,Pedestrian,16.0,3.0,OTFS,OTFS,1.0,0.979720712505268,0.979720712505268,0.0,0.0,0.0,0.0,
3,H,Pedestrian,16.0,3.0,OTFS,OTFS,1.0,0.97811854866376,0.97811854866376,0.0,0.0,0.0,0.0,
4,H,Pedestrian,16.0,3.0,OTFS,OTFS,1.0,0.980394945837871,0.980394945837871,0.0,0.0,0.0,0.0,
5,H,Pedestrian,16.0,3.0,OTFS,OTFS,1.0,0.208424403247882,0.208424403247882,0.0,0.0510416666666667,0.0510416666666667,0.0,0.0
6,H,Pedestrian,16.0,3.0,OTFS,OTFS,1.0,0.978781194730094,0.978781194730094,0.0,0.0,0.0,0.0,
7,H,Pedestrian,9.0,6.0,OTFS,OTFS,1.0,0.165542745071722,0.165542745071722,0.0,0.154166666666667,0.154166666666667,0.0,0.0
8,H,Pedestrian,9.0,6.0,OTFS,OTFS,1.0,0.229334660866359,0.229334660866359,0.0,0.0354166666666667,0.0354166666666667,0.0,0.0
9,H,Pedestrian,9.0,6.0,OTFS,OTFS,1.0,0.266203387875952,0.266203387875952,0.0,0.0119791666666667,0.0119791666666667,0.0,0.0
10,H,Pedestrian,9.0,6.0,OTFS,OTFS,1.0,0.230293498781678,0.230293498781678,0.0,0.028125,0.0276041666666667,0.0005208333333333,0.0188679245283019
11,H,Pedestrian,9.0,6.0,OTFS,OTFS,1.0,0.226666139640858,0.226666139640858,0.0,0.034375,0.0255208333333333,0.0088541666666666,0.346938775510204
12,H,Pedestrian,9.0,6.0,OTFS,OTFS,1.0,0.376370970426902,0.376370970426902,0.0,0.0005208333333333,0.0005208333333333,0.0,0.0
13,H,Pedestrian,4.0,9.0,OTFS,OTFS,1.0,0.180485738038003,0.180485738038003,0.0,0.140625,0.136458333333333,0.0041666666666666,0.0305343511450383
14,H,Pedestrian,4.0,9.0,OTFS,OTFS,1.0,0.179081692038008,0.179081692038008,0.0,0.109895833333333,0.109895833333333,0.0,0.0
15,H,Pedestrian,4.0,9.0,OTFS,OTFS,1.0,0.177947849289601,0.177947849289601,0.0,0.0984375,0.0984375,0.0,0.0
16,H,Pedestrian,4.0,9.0,OTFS,OTFS,1.0,0.232324742172498,0.232324742172498,0.0,0.0302083333333333,0.0302083333333333,0.0,0.0
17,H,Pedestrian,4.0,9.0,OTFS,OTFS,1.0,0.155214723007109,0.155214723007109,0.0,0.2140625,0.2140625,0.0,0.0
18,H,Pedestrian,4.0,9.0,OTFS,OTFS,1.0,0.197986125286874,0.197986125286874,0.0,0.0890625,0.0890625,0.0,0.0
19,H,Highway,8.0,90.0,OTFS,OTFS,1.0,0.3164888986714,0.3164888986714,0.0,0.003125,0.003125,0.0,0.0
20,H,Highway,8.0,90.0,OTFS,OTFS,1.0,0.977959705850452,0.977959705850452,0.0,0.0,0.0,0.0,
21,H,Highway,8.0,90.0,OTFS,OTFS,1.0,0.210365320588333,0.210365320588333,0.0,0.0458333333333333,0.0369791666666667,0.0088541666666666,0.23943661971831
22,H,Highway,8.0,90.0,OTFS,OTFS,1.0,0.172553277605275,0.172553277605275,0.0,0.136979166666667,0.0942708333333333,0.0427083333333333,0.453038674033149
23,H,Highway,8.0,90.0,OTFS,OTFS,1.0,0.232370097539713,0.232370097539713,0.0,0.0302083333333333,0.0265625,0.0036458333333333,0.137254901960784
24,H,Highway,8.0,90.0,OTFS,OTFS,1.0,0.173433663240429,0.173433663240429,0.0,0.100520833333333,0.0932291666666667,0.0072916666666666,0.0782122905027933
25,H,Highway,5.0,130.0,OTFS,OTFS,1.0,0.224166248308856,0.224166248308856,0.0,0.034375,0.034375,0.0,0.0
26,H,Highway,5.0,130.0,OTFS,OTFS,1.0,0.268846743245656,0.268846743245656,0.0,0.0114583333333333,0.0088541666666666,0.0026041666666666,0.294117647058823
27,H,Highway,5.0,130.0,OTFS,OTFS,1.0,0.196365966665379,0.196365966665379,0.0,0.0739583333333333,0.04375,0.0302083333333333,0.690476190476191
28,H,Highway,5.0,130.0,OTFS,OTFS,1.0,0.156417489971812,0.156417489971812,0.0,0.160416666666667,0.1515625,0.0088541666666666,0.0584192439862545
29,H,Highway,5.0,130.0,OTFS,OTFS,1.0,0.145586227372841,0.145586227372841,0.0,0.2546875,0.192708333333333,0.0619791666666667,0.321621621621622
30,H,Highway,5.0,130.0,OTFS,OTFS,1.0,0.157055925234286,0.157055925234286,0.0,0.1890625,0.122395833333333,0.0666666666666667,0.54468085106383
1,I,Urban,12.48,58.4,OTFS,OTFS,1.0,0.223453622406801,0.223453622406801,0.0,0.0434895833333333,0.0434895833333333,0.0,0.0
2,I,Urban,12.81,60.0,OTFS,OTFS,1.0,0.364894691176177,0.364894691176177,0.0,0.0010416666666666,0.0010416666666666,0.0,0.0
3,I,Urban,13.49,60.0,OTFS,OTFS,1.0,0.190403585811584,0.190403585811584,0.0,0.10390625,0.10390625,0.0,0.0
4,I,Urban,14.48,60.0,OTFS,OTFS,1.0,0.176120950242192,0.176120950242192,0.0,0.132291666666667,0.132291666666667,0.0,0.0
5,I,Urban,15.69,59.7,OTFS,OTFS,1.0,0.188835013597452,0.188835013597452,0.0,0.128125,0.128125,0.0,0.0
6,I,Urban,16.98,55.1,OTFS,OTFS,1.0,0.298170064056803,0.298170064056803,0.0,0.0083333333333333,0.0083333333333333,0.0,0.0
7,I,Urban,17.99,49.8,OTFS,OTFS,1.0,0.350471528029891,0.350471528029891,0.0,0.0015625,0.0015625,0.0,0.0
8,I,Urban,17.95,45.2,OTFS,OTFS,1.0,0.193338136629729,0.193338136629729,0.0,0.0606770833333333,0.0606770833333333,0.0,0.0
9,I,Urban,17.71,42.3,OTFS,OTFS,1.0,0.334857504983027,0.334857504983027,0.0,0.0028645833333333,0.0028645833333333,0.0,0.0
10,I,Urban,17.31,41.9,OTFS,OTFS,1.0,0.185964900646526,0.185964900646526,0.0,0.0942708333333333,0.0942708333333333,0.0,0.0
11,I,Urban,16.76,43.6,OTFS,OTFS,1.0,0.184802850830662,0.184802850830662,0.0,0.13125,0.13125,0.0,0.0
12,I,Urban,16.1,46.5,OTFS,OTFS,1.0,0.238561806232271,0.238561806232271,0.0,0.0395833333333333,0.0395833333333333,0.0,0.0
13,I,Urban,15.38,51.0,OTFS,OTFS,1.0,0.192430026128452,0.192430026128452,0.0,0.0640625,0.0640625,0.0,0.0
14,I,Urban,14.62,55.4,OTFS,OTFS,1.0,0.180608305337622,0.180608305337622,0.0,0.134635416666667,0.134635416666667,0.0,0.0
15,I,Urban,13.9,58.5,OTFS,OTFS,1.0,0.355123307135765,0.355123307135765,0.0,0.0013020833333333,0.0013020833333333,0.0,0.0
16,I,Urban,12.46,59.4,OTFS,OTFS,1.0,0.163296369885996,0.163296369885996,0.0,0.164322916666667,0.164322916666667,0.0,0.0
17,I,Urban,10.92,57.9,OTFS,OTFS,1.0,0.211724382195962,0.211724382195962,0.0,0.0640625,0.0640625,0.0,0.0
18,I,Urban,9.76,54.7,OTFS,OTFS,1.0,0.157483022678738,0.157483022678738,0.0,0.213020833333333,0.213020833333333,0.0,0.0
19,I,Urban,9.11,50.8,OTFS,OTFS,1.0,0.186337229087133,0.186337229087133,0.0,0.123177083333333,0.123177083333333,0.0,0.0
20,I,Urban,9.05,47.5,OTFS,OTFS,1.0,0.302175125273373,0.302175125273373,0.0,0.0083333333333333,0.0083333333333333,0.0,0.0
21,I,Urban,9.57,46.1,OTFS,OTFS,1.0,0.190634024738334,0.190634024738334,0.0,0.142447916666667,0.142447916666667,0.0,0.0
22,I,Urban,10.62,47.0,OTFS,OTFS,1.0,0.245878140280612,0.245878140280612,0.0,0.0427083333333333,0.0427083333333333,0.0,0.0
23,I,Urban,12.08,50.0,OTFS,OTFS,1.0,0.192815028280078,0.192815028280078,0.0,0.103645833333333,0.103645833333333,0.0,0.0
24,I,Urban,13.55,54.4,OTFS,OTFS,1.0,0.16006447138781,0.16006447138781,0.0,0.183333333333333,0.183333333333333,0.0,0.0
1,J,Urban,14.0,12.0,OTFS,OTFS,1.0,0.980735956491586,0.980735956491586,0.0,0.0,0.0,0.0,
2,J,Urban,14.0,12.0,OTFS,OTFS,1.0,0.979111201791439,0.979111201791439,0.0,0.0,0.0,0.0,
3,J,Urban,14.0,12.0,OTFS,OTFS,1.0,0.225811564517006,0.225811564517006,0.0,0.0354166666666667,0.0354166666666667,0.0,0.0
4,J,Urban,10.0,12.0,ODDM,OTFS,0.0,0.204985063656509,0.242758773242893,0.0377737095863837,0.0385416666666667,0.0203125,0.0182291666666667,0.897435897435897
5,J,Urban,10.0,12.0,ODDM,OTFS,0.0,0.154077022603517,0.172515241131142,0.0184382185276248,0.109895833333333,0.103125,0.0067708333333333,0.0656565656565657
6,J,Urban,10.0,12.0,ODDM,OTFS,0.0,0.954934923716694,0.984802584018775,0.0298676603020804,0.0,0.0,0.0,
7,J,Urban,12.0,16.0,ODDM,OTFS,0.0,0.285846616031416,0.36893728368789,0.0830906676564743,0.0036458333333333,0.0005208333333333,0.003125,6.0
8,J,Urban,12.0,16.0,ODDM,OTFS,0.0,0.18949801410261,0.208622238291141,0.0191242241885316,0.0453125,0.0427083333333333,0.0026041666666666,0.0609756097560975
9,J,Urban,12.0,16.0,ODDM,OTFS,0.0,0.350039580874082,0.366807659325255,0.016768078451173,0.0005208333333333,0.0005208333333333,0.0,0.0
10,J,Urban,8.0,16.0,ODDM,OTFS,0.0,0.183910943488554,0.210543836754585,0.026632893266031,0.0572916666666667,0.0484375,0.0088541666666666,0.182795698924731
11,J,Urban,8.0,16.0,ODDM,OTFS,0.0,0.133109323841514,0.153156212327174,0.0200468884856594,0.197395833333333,0.197395833333333,0.0,0.0
12,J,Urban,8.0,16.0,ODDM,OTFS,0.0,0.262626162535654,0.283350061183882,0.0207238986482277,0.0088541666666666,0.0088541666666666,0.0,0.0
13,J,Urban,11.0,21.0,ODDM,OTFS,0.0,0.169088179069007,0.209058169716707,0.0399699906476998,0.0760416666666667,0.0572916666666667,0.01875,0.327272727272727
14,J,Urban,11.0,21.0,ODDM,OTFS,0.0,0.18591007472941,0.218084881308579,0.0321748065791695,0.0614583333333333,0.0526041666666667,0.0088541666666666,0.168316831683168
15,J,Urban,11.0,21.0,ODDM,OTFS,0.0,0.952735271033782,0.977670564103748,0.0249352930699656,0.0,0.0,0.0,
16,J,Urban,8.0,21.0,ODDM,OTFS,0.0,0.188850485456911,0.209551225305586,0.0207007398486758,0.05625,0.05625,0.0,0.0
17,J,Urban,8.0,21.0,ODDM,OTFS,0.0,0.207334756942911,0.229418288535623,0.0220835315927123,0.0317708333333333,0.0296875,0.0020833333333333,0.0701754385964912
18,J,Urban,8.0,21.0,ODDM,OTFS,0.0,0.201127350547115,0.225578554383445,0.0244512038363298,0.0375,0.0375,0.0,0.0
19,J,Urban,14.0,24.0,OTFS,OTFS,1.0,0.981230436541994,0.981230436541994,0.0,0.0,0.0,0.0,
20,J,Urban,14.0,24.0,OTFS,OTFS,1.0,0.982285374674708,0.982285374674708,0.0,0.0,0.0,0.0,
21,J,Urban,14.0,24.0,OTFS,OTFS,1.0,0.309363022119275,0.309363022119275,0.0,0.0036458333333333,0.0036458333333333,0.0,0.0
22,J,Urban,8.0,24.0,OTFS,OTFS,1.0,0.270441342855201,0.270441342855201,0.0,0.0098958333333333,0.0083333333333333,0.0015625,0.1875
23,J,Urban,8.0,24.0,ODDM,ODDM,1.0,0.342758488873703,0.342758488873703,0.0,0.0010416666666666,0.0010416666666666,0.0,0.0
24,J,Urban,8.0,24.0,ODDM,OTFS,0.0,0.159915454146557,0.180029384247629,0.0201139301010718,0.0958333333333333,0.0802083333333333,0.015625,0.194805194805195
1,K,HighSpeedRail,5.48,301.4,OTFS,OTFS,1.0,0.189138491892524,0.189138491892524,0.0,0.0645833333333333,0.0604166666666667,0.0041666666666666,0.0689655172413794
2,K,HighSpeedRail,5.81,327.5,OTFS,OTFS,1.0,0.189943945616053,0.189943945616053,0.0,0.0796875,0.0541666666666667,0.0255208333333333,0.471153846153846
3,K,HighSpeedRail,6.49,278.6,OTFS,OTFS,1.0,0.156710217830436,0.156710217830436,0.0,0.152604166666667,0.117708333333333,0.0348958333333333,0.296460176991151
4,K,HighSpeedRail,7.48,263.0,OTFS,OTFS,1.0,0.18906817376893,0.18906817376893,0.0,0.0510416666666667,0.0510416666666667,0.0,0.0
5,K,HighSpeedRail,8.69,307.7,OTFS,OTFS,1.0,0.202764275100535,0.202764275100535,0.0,0.0546875,0.0546875,0.0,0.0
6,K,HighSpeedRail,9.98,292.1,OTFS,OTFS,1.0,0.30369407326483,0.30369407326483,0.0,0.0041666666666666,0.0041666666666666,0.0,0.0
7,K,HighSpeedRail,10.99,243.2,OTFS,OTFS,1.0,0.971692446269272,0.971692446269272,0.0,0.0,0.0,0.0,
8,K,HighSpeedRail,10.95,269.3,OTFS,OTFS,1.0,0.257961080405117,0.257961080405117,0.0,0.0135416666666667,0.0135416666666667,0.0,0.0
9,K,HighSpeedRail,10.71,269.8,OTFS,OTFS,1.0,0.192865835869484,0.192865835869484,0.0,0.131770833333333,0.131770833333333,0.0,0.0
10,K,HighSpeedRail,10.31,300.4,OTFS,OTFS,1.0,0.214599476810734,0.214599476810734,0.0,0.0505208333333333,0.0505208333333333,0.0,0.0
11,K,HighSpeedRail,9.76,255.9,OTFS,OTFS,1.0,0.145618668312859,0.145618668312859,0.0,0.2421875,0.2421875,0.0,0.0
12,K,HighSpeedRail,9.1,244.8,OTFS,OTFS,1.0,0.176958298608764,0.176958298608764,0.0,0.155208333333333,0.155208333333333,0.0,0.0
13,K,HighSpeedRail,8.38,294.0,OTFS,OTFS,1.0,0.155992627548735,0.155992627548735,0.0,0.248697916666667,0.248697916666667,0.0,0.0
14,K,HighSpeedRail,7.62,282.9,OTFS,OTFS,1.0,0.133460464595999,0.133460464595999,0.0,0.322135416666667,0.322135416666667,0.0,0.0
15,K,HighSpeedRail,6.9,238.4,OTFS,OTFS,1.0,0.158701852378757,0.158701852378757,0.0,0.226822916666667,0.226822916666667,0.0,0.0
16,K,HighSpeedRail,5.46,269.1,OTFS,OTFS,1.0,0.129315839485617,0.129315839485617,0.0,0.35234375,0.35234375,0.0,0.0
17,K,HighSpeedRail,3.92,302.2,OTFS,ODDM,0.0,0.141432734374847,0.147315280729229,0.0058825463543821,0.1859375,0.121354166666667,0.0645833333333333,0.532188841201717
18,K,HighSpeedRail,2.76,303.9,OTFS,OTFS,1.0,0.147983190285546,0.147983190285546,0.0,0.2484375,0.194791666666667,0.0536458333333333,0.275401069518717
19,K,HighSpeedRail,2.11,253.6,OTFS,OTFS,1.0,0.172059192907513,0.172059192907513,0.0,0.130208333333333,0.111979166666667,0.0182291666666667,0.162790697674419
20,K,HighSpeedRail,2.05,296.9,OTFS,OTFS,1.0,0.210727030511444,0.210727030511444,0.0,0.0505208333333333,0.040625,0.0098958333333333,0.243589743589744
21,K,HighSpeedRail,2.57,223.5,OTFS,OTFS,1.0,0.154623708163266,0.154623708163266,0.0,0.207291666666667,0.186458333333333,0.0208333333333333,0.111731843575419
22,K,HighSpeedRail,3.62,266.8,OTFS,OTFS,1.0,0.141643969331617,0.141643969331617,0.0,0.241666666666667,0.159375,0.0822916666666667,0.516339869281046
23,K,HighSpeedRail,5.08,216.6,OTFS,OTFS,1.0,0.189541369173848,0.189541369173848,0.0,0.0927083333333333,0.0572916666666667,0.0354166666666667,0.618181818181818
24,K,HighSpeedRail,6.55,218.2,OTFS,ODDM,0.0,0.151808872499193,0.15701206218268,0.0052031896834868,0.169270833333333,0.109375,0.0598958333333333,0.547619047619048
1,L,Urban,15.0,25.0,OTFS,OTFS,1.0,0.203179973359655,0.203179973359655,0.0,0.0925347222222222,0.0925347222222222,0.0,0.0
2,L,Urban,15.0,25.0,OTFS,OTFS,1.0,0.340570364764548,0.340570364764548,0.0,0.0026041666666666,0.0026041666666666,0.0,0.0
3,L,Urban,15.0,25.0,OTFS,OTFS,1.0,0.165499638856222,0.165499638856222,0.0,0.211458333333333,0.211458333333333,0.0,0.0
4,L,Urban,15.0,25.0,OTFS,OTFS,1.0,0.156271311878904,0.156271311878904,0.0,0.169444444444444,0.169444444444444,0.0,0.0
5,L,Urban,15.0,25.0,OTFS,OTFS,1.0,0.124075268016677,0.124075268016677,0.0,0.221006944444444,0.221006944444444,0.0,0.0
6,L,Urban,15.0,25.0,OTFS,OTFS,1.0,0.292510750146429,0.292510750146429,0.0,0.0102430555555556,0.0102430555555556,0.0,0.0
7,L,Urban,10.0,40.0,OTFS,OTFS,1.0,0.179248814625115,0.179248814625115,0.0,0.186284722222222,0.186284722222222,0.0,0.0
8,L,Urban,10.0,40.0,OTFS,OTFS,1.0,0.146748475264322,0.146748475264322,0.0,0.309895833333333,0.309895833333333,0.0,0.0
9,L,Urban,10.0,40.0,OTFS,OTFS,1.0,0.182428217587589,0.182428217587589,0.0,0.185069444444444,0.185069444444444,0.0,0.0
10,L,Urban,10.0,40.0,OTFS,OTFS,1.0,0.142776297330803,0.142776297330803,0.0,0.294618055555556,0.294618055555556,0.0,0.0
11,L,Urban,10.0,40.0,OTFS,ODDM,0.0,0.0997706741438132,0.124209076006176,0.0244384018623629,0.346701388888889,0.346701388888889,0.0,0.0
12,L,Urban,10.0,40.0,OTFS,OTFS,1.0,0.169975492456479,0.169975492456479,0.0,0.259895833333333,0.259895833333333,0.0,0.0
13,L,Urban,6.0,55.0,OTFS,OTFS,1.0,0.130819671801336,0.130819671801336,0.0,0.358506944444444,0.358506944444444,0.0,0.0
14,L,Urban,6.0,55.0,OTFS,ODDM,0.0,0.114174739212544,0.11873726246046,0.0045625232479154,0.3953125,0.3953125,0.0,0.0
15,L,Urban,6.0,55.0,OTFS,OTFS,1.0,0.186271291873332,0.186271291873332,0.0,0.189930555555556,0.189930555555556,0.0,0.0
16,L,Urban,6.0,55.0,OTFS,ODDM,0.0,0.10953896623385,0.119540830230528,0.0100018639966779,0.377951388888889,0.377951388888889,0.0,0.0
17,L,Urban,6.0,55.0,OTFS,OTFS,1.0,0.169823602448549,0.169823602448549,0.0,0.263368055555556,0.263368055555556,0.0,0.0
18,L,Urban,6.0,55.0,OTFS,OTFS,1.0,0.122453439543045,0.122453439543045,0.0,0.378125,0.378125,0.0,0.0
19,L,Pedestrian,20.0,4.0,OTFS,OTFS,1.0,0.979111756641053,0.979111756641053,0.0,0.0,0.0,0.0,
20,L,Pedestrian,20.0,4.0,OTFS,OTFS,1.0,0.975064079894079,0.975064079894079,0.0,0.0,0.0,0.0,
21,L,Pedestrian,20.0,4.0,OTFS,OTFS,1.0,0.305468717566674,0.305468717566674,0.0,0.0075520833333333,0.0075520833333333,0.0,0.0
22,L,Pedestrian,10.0,8.0,OTFS,OTFS,1.0,0.231112951423773,0.231112951423773,0.0,0.04765625,0.04765625,0.0,0.0
23,L,Pedestrian,10.0,8.0,OTFS,OTFS,1.0,0.198822114763051,0.198822114763051,0.0,0.105208333333333,0.105208333333333,0.0,0.0
24,L,Pedestrian,10.0,8.0,OTFS,OTFS,1.0,0.207724172976853,0.207724172976853,0.0,0.08671875,0.08671875,0.0,0.0
1,M,Pedestrian,20.0,5.0,OTFS,OTFS,1.0,0.97926028712769,0.97926028712769,0.0,0.0,0.0,0.0,
2,M,Pedestrian,20.0,5.0,OTFS,OTFS,1.0,0.979343657518121,0.979343657518121,0.0,0.0,0.0,0.0,
3,M,Pedestrian,20.0,5.0,OTFS,OTFS,1.0,0.980961585731974,0.980961585731974,0.0,0.0,0.0,0.0,
4,M,Pedestrian,20.0,5.0,OTFS,OTFS,1.0,0.983434700003021,0.983434700003021,0.0,0.0,0.0,0.0,
5,M,Pedestrian,20.0,5.0,OTFS,OTFS,1.0,0.307431336357645,0.307431336357645,0.0,0.0041666666666666,0.0041666666666666,0.0,0.0
6,M,Pedestrian,20.0,5.0,OTFS,OTFS,1.0,0.979681046175157,0.979681046175157,0.0,0.0,0.0,0.0,
7,M,Urban,15.0,30.0,OTFS,OTFS,1.0,0.981694434243175,0.981694434243175,0.0,0.0,0.0,0.0,
8,M,Urban,15.0,30.0,OTFS,OTFS,1.0,0.323915688292497,0.323915688292497,0.0,0.0026041666666666,0.0026041666666666,0.0,0.0
9,M,Urban,15.0,30.0,OTFS,OTFS,1.0,0.978134158289108,0.978134158289108,0.0,0.0,0.0,0.0,
10,M,Urban,15.0,30.0,OTFS,OTFS,1.0,0.97824574566941,0.97824574566941,0.0,0.0,0.0,0.0,
11,M,Urban,15.0,30.0,OTFS,OTFS,1.0,0.227946405013831,0.227946405013831,0.0,0.0348958333333333,0.0291666666666667,0.0057291666666666,0.196428571428571
12,M,Urban,15.0,30.0,OTFS,OTFS,1.0,0.978383839945376,0.978383839945376,0.0,0.0,0.0,0.0,
13,M,Highway,12.0,100.0,OTFS,OTFS,1.0,0.299751214394545,0.299751214394545,0.0,0.0041666666666666,0.0036458333333333,0.0005208333333333,0.142857142857143
14,M,Highway,12.0,100.0,OTFS,OTFS,1.0,0.209746866706766,0.209746866706766,0.0,0.0473958333333333,0.0473958333333333,0.0,0.0
15,M,Highway,12.0,100.0,OTFS,OTFS,1.0,0.229117471217187,0.229117471217187,0.0,0.0302083333333333,0.0130208333333333,0.0171875,1.32
16,M,Highway,12.0,100.0,OTFS,OTFS,1.0,0.280034061640293,0.280034061640293,0.0,0.009375,0.009375,0.0,0.0
17,M,Highway,12.0,100.0,OTFS,OTFS,1.0,0.34141741866434,0.34141741866434,0.0,0.0015625,0.0015625,0.0,0.0
18,M,Highway,12.0,100.0,OTFS,OTFS,1.0,0.234380212865942,0.234380212865942,0.0,0.0244791666666667,0.0171875,0.0072916666666666,0.424242424242424
19,M,HighSpeedRail,8.0,250.0,OTFS,OTFS,1.0,0.264775646660814,0.264775646660814,0.0,0.0135416666666667,0.0135416666666667,0.0,0.0
20,M,HighSpeedRail,8.0,250.0,OTFS,ODDM,0.0,0.345940615749524,0.349492634377269,0.0035520186277446,0.0015625,0.0005208333333333,0.0010416666666666,2.0
21,M,HighSpeedRail,8.0,250.0,OTFS,OTFS,1.0,0.178269628362918,0.178269628362918,0.0,0.0776041666666667,0.0661458333333333,0.0114583333333333,0.173228346456693
22,M,HighSpeedRail,8.0,250.0,OTFS,OTFS,1.0,0.166280465323045,0.166280465323045,0.0,0.116145833333333,0.0765625,0.0395833333333333,0.517006802721088
23,M,HighSpeedRail,8.0,250.0,OTFS,OTFS,1.0,0.257835778423398,0.257835778423398,0.0,0.015625,0.015625,0.0,0.0
24,M,HighSpeedRail,8.0,250.0,OTFS,OTFS,1.0,0.176651362244785,0.176651362244785,0.0,0.122916666666667,0.0729166666666667,0.05,0.685714285714285
1,N,HighSpeedRail,8.0,250.0,OTFS,OTFS,1.0,0.230549709393186,0.230549709393186,0.0,0.0276041666666667,0.0270833333333333,0.0005208333333333,0.0192307692307692
2,N,HighSpeedRail,8.0,250.0,OTFS,OTFS,1.0,0.211269923384472,0.211269923384472,0.0,0.0447916666666667,0.0244791666666667,0.0203125,0.829787234042553
3,N,HighSpeedRail,8.0,250.0,OTFS,OTFS,1.0,0.179690431185603,0.179690431185603,0.0,0.126041666666667,0.0838541666666667,0.0421875,0.503105590062112
4,N,HighSpeedRail,8.0,250.0,OTFS,OTFS,1.0,0.190464366799676,0.190464366799676,0.0,0.0442708333333333,0.0442708333333333,0.0,0.0
5,N,HighSpeedRail,8.0,250.0,OTFS,OTFS,1.0,0.185370549612401,0.185370549612401,0.0,0.0671875,0.0671875,0.0,0.0
6,N,HighSpeedRail,8.0,250.0,OTFS,OTFS,1.0,0.262299811691508,0.262299811691508,0.0,0.0114583333333333,0.009375,0.0020833333333333,0.222222222222222
7,N,Highway,12.0,100.0,OTFS,OTFS,1.0,0.975378313910975,0.975378313910975,0.0,0.0,0.0,0.0,
8,N,Highway,12.0,100.0,OTFS,OTFS,1.0,0.372601702200129,0.372601702200129,0.0,0.0005208333333333,0.0005208333333333,0.0,0.0
9,N,Highway,12.0,100.0,OTFS,ODDM,0.0,0.299716896436998,0.339397094529486,0.0396801980924877,0.0041666666666666,0.0005208333333333,0.0036458333333333,7.0
10,N,Highway,12.0,100.0,OTFS,OTFS,1.0,0.329863472700268,0.329863472700268,0.0,0.0015625,0.0015625,0.0,0.0
11,N,Highway,12.0,100.0,OTFS,OTFS,1.0,0.210739578318843,0.210739578318843,0.0,0.0390625,0.0390625,0.0,0.0
12,N,Highway,12.0,100.0,OTFS,OTFS,1.0,0.975820832550738,0.975820832550738,0.0,0.0,0.0,0.0,
13,N,Urban,15.0,30.0,OTFS,OTFS,1.0,0.338247312502127,0.338247312502127,0.0,0.0015625,0.0015625,0.0,0.0
14,N,Urban,15.0,30.0,OTFS,OTFS,1.0,0.298981607113459,0.298981607113459,0.0,0.0046875,0.0046875,0.0,0.0
15,N,Urban,15.0,30.0,OTFS,OTFS,1.0,0.981892576067899,0.981892576067899,0.0,0.0,0.0,0.0,
16,N,Urban,15.0,30.0,OTFS,OTFS,1.0,0.32879202389605,0.32879202389605,0.0,0.0020833333333333,0.0020833333333333,0.0,0.0
17,N,Urban,15.0,30.0,OTFS,OTFS,1.0,0.977867799041914,0.977867799041914,0.0,0.0,0.0,0.0,
18,N,Urban,15.0,30.0,OTFS,OTFS,1.0,0.366992402956481,0.366992402956481,0.0,0.0005208333333333,0.0005208333333333,0.0,0.0
19,N,Pedestrian,20.0,5.0,OTFS,OTFS,1.0,0.986780154821364,0.986780154821364,0.0,0.0,0.0,0.0,
20,N,Pedestrian,20.0,5.0,OTFS,OTFS,1.0,0.980495078565832,0.980495078565832,0.0,0.0,0.0,0.0,
21,N,Pedestrian,20.0,5.0,OTFS,OTFS,1.0,0.977853584335053,0.977853584335053,0.0,0.0,0.0,0.0,
22,N,Pedestrian,20.0,5.0,OTFS,OTFS,1.0,0.981019251646628,0.981019251646628,0.0,0.0,0.0,0.0,
23,N,Pedestrian,20.0,5.0,OTFS,OTFS,1.0,0.98618481431525,0.98618481431525,0.0,0.0,0.0,0.0,
24,N,Pedestrian,20.0,5.0,OTFS,OTFS,1.0,0.974954298746006,0.974954298746006,0.0,0.0,0.0,0.0,
1,O,Urban,20.0,40.0,OTFS,OTFS,1.0,0.980617084493338,0.980617084493338,0.0,0.0,0.0,0.0,
2,O,Urban,20.0,40.0,OTFS,OTFS,1.0,0.978317682153607,0.978317682153607,0.0,0.0,0.0,0.0,
3,O,Urban,20.0,40.0,OTFS,OTFS,1.0,0.976211019105469,0.976211019105469,0.0,0.0,0.0,0.0,
4,O,Urban,20.0,40.0,OTFS,OTFS,1.0,0.980059846347322,0.980059846347322,0.0,0.0,0.0,0.0,
5,O,Urban,20.0,40.0,OTFS,OTFS,1.0,0.981785107694134,0.981785107694134,0.0,0.0,0.0,0.0,
6,O,Urban,15.0,40.0,OTFS,OTFS,1.0,0.980036977268327,0.980036977268327,0.0,0.0,0.0,0.0,
7,O,Urban,15.0,40.0,OTFS,OTFS,1.0,0.984479920412274,0.984479920412274,0.0,0.0,0.0,0.0,
8,O,Urban,15.0,40.0,OTFS,OTFS,1.0,0.361685549790533,0.361685549790533,0.0,0.0010416666666666,0.0010416666666666,0.0,0.0
9,O,Urban,15.0,40.0,OTFS,OTFS,1.0,0.97899135351605,0.97899135351605,0.0,0.0,0.0,0.0,
10,O,Urban,15.0,40.0,OTFS,OTFS,1.0,0.980871237754291,0.980871237754291,0.0,0.0,0.0,0.0,
11,O,Urban,10.0,40.0,ODDM,OTFS,0.0,0.153063330753228,0.163962562808481,0.0108992320552522,0.116145833333333,0.116145833333333,0.0,0.0
12,O,Urban,10.0,40.0,ODDM,OTFS,0.0,0.198277196033659,0.222726127151534,0.0244489311178754,0.0255208333333333,0.0255208333333333,0.0,0.0
13,O,Urban,10.0,40.0,ODDM,OTFS,0.0,0.18372290034795,0.205879383381196,0.0221564830332459,0.0572916666666667,0.04375,0.0135416666666667,0.30952380952381
14,O,Urban,10.0,40.0,ODDM,OTFS,0.0,0.160728529427994,0.193954921615863,0.0332263921878688,0.0833333333333333,0.0734375,0.0098958333333333,0.134751773049645
15,O,Urban,10.0,40.0,ODDM,OTFS,0.0,0.958354945984952,0.979234167724914,0.0208792217399618,0.0,0.0,0.0,
16,O,Urban,5.0,40.0,OTFS,OTFS,1.0,0.150388564405903,0.150388564405903,0.0,0.202604166666667,0.1921875,0.0104166666666667,0.05420054200542
17,O,Urban,5.0,40.0,OTFS,OTFS,1.0,0.190526907219094,0.190526907219094,0.0,0.0744791666666667,0.0744791666666667,0.0,0.0
18,O,Urban,5.0,40.0,OTFS,OTFS,1.0,0.140306036683009,0.140306036683009,0.0,0.209375,0.177083333333333,0.0322916666666667,0.182352941176471
19,O,Urban,5.0,40.0,OTFS,OTFS,1.0,0.192391390394494,0.192391390394494,0.0,0.0848958333333333,0.0791666666666667,0.0057291666666666,0.0723684210526317
20,O,Urban,5.0,40.0,OTFS,ODDM,0.0,0.372894082298401,0.950345919131699,0.577451836833298,0.0005208333333333,0.0,0.0005208333333333,
21,O,Urban,0.0,40.0,OTFS,OTFS,1.0,0.136844843626624,0.136844843626624,0.0,0.2609375,0.2359375,0.025,0.105960264900662
22,O,Urban,0.0,40.0,OTFS,OTFS,1.0,0.158438772539309,0.158438772539309,0.0,0.156770833333333,0.1359375,0.0208333333333333,0.153256704980843
23,O,Urban,0.0,40.0,OTFS,OTFS,1.0,0.156196763900996,0.156196763900996,0.0,0.189583333333333,0.16875,0.0208333333333333,0.123456790123457
24,O,Urban,0.0,40.0,OTFS,OTFS,1.0,0.130816474782318,0.130816474782318,0.0,0.357291666666667,0.300520833333333,0.0567708333333333,0.188908145580589
25,O,Urban,0.0,40.0,OTFS,OTFS,1.0,0.168704539339818,0.168704539339818,0.0,0.1265625,0.117708333333333,0.0088541666666666,0.0752212389380531
1,P,Urban,0.0,40.0,OTFS,OTFS,1.0,0.156721108416684,0.156721108416684,0.0,0.176041666666667,0.170833333333333,0.0052083333333333,0.0304878048780488
2,P,Urban,0.0,40.0,OTFS,OTFS,1.0,0.247848160739849,0.247848160739849,0.0,0.0182291666666667,0.0151041666666667,0.003125,0.206896551724138
3,P,Urban,0.0,40.0,OTFS,ODDM,0.0,0.129578887226243,0.135556692187012,0.0059778049607685,0.28125,0.236979166666667,0.0442708333333333,0.186813186813187
4,P,Urban,0.0,40.0,OTFS,OTFS,1.0,0.127515015467279,0.127515015467279,0.0,0.2984375,0.273958333333333,0.0244791666666667,0.0893536121673004
5,P,Urban,0.0,40.0,OTFS,OTFS,1.0,0.122088241134349,0.122088241134349,0.0,0.260416666666667,0.260416666666667,0.0,0.0
6,P,Urban,5.0,40.0,OTFS,OTFS,1.0,0.195019360411837,0.195019360411837,0.0,0.0552083333333333,0.0463541666666667,0.0088541666666666,0.191011235955056
7,P,Urban,5.0,40.0,OTFS,OTFS,1.0,0.199027533015533,0.199027533015533,0.0,0.0520833333333333,0.0520833333333333,0.0,0.0
8,P,Urban,5.0,40.0,OTFS,OTFS,1.0,0.137357946709218,0.137357946709218,0.0,0.171354166666667,0.153125,0.0182291666666667,0.119047619047619
9,P,Urban,5.0,40.0,OTFS,OTFS,1.0,0.185419134852698,0.185419134852698,0.0,0.0786458333333333,0.0703125,0.0083333333333333,0.118518518518518
10,P,Urban,5.0,40.0,OTFS,OTFS,1.0,0.166647208861978,0.166647208861978,0.0,0.1375,0.1375,0.0,0.0
11,P,Urban,10.0,40.0,ODDM,OTFS,0.0,0.149817332395099,0.164152626947852,0.0143352945527523,0.116145833333333,0.116145833333333,0.0,0.0
12,P,Urban,10.0,40.0,ODDM,OTFS,0.0,0.209340677043227,0.227001207324896,0.017660530281669,0.0255208333333333,0.0255208333333333,0.0,0.0
13,P,Urban,10.0,40.0,ODDM,OTFS,0.0,0.183510282919622,0.204582508383883,0.0210722254642614,0.0572916666666667,0.04375,0.0135416666666667,0.30952380952381
14,P,Urban,10.0,40.0,ODDM,OTFS,0.0,0.161644143568411,0.189667574840971,0.02802343127256,0.0833333333333333,0.0734375,0.0098958333333333,0.134751773049645
15,P,Urban,10.0,40.0,ODDM,OTFS,0.0,0.960459840613813,0.979179987939383,0.01872014732557,0.0,0.0,0.0,
16,P,Urban,15.0,40.0,OTFS,OTFS,1.0,0.298857187336863,0.298857187336863,0.0,0.0041666666666666,0.0041666666666666,0.0,0.0
17,P,Urban,15.0,40.0,OTFS,OTFS,1.0,0.975783908984515,0.975783908984515,0.0,0.0,0.0,0.0,
18,P,Urban,15.0,40.0,OTFS,OTFS,1.0,0.293528004629837,0.293528004629837,0.0,0.0036458333333333,0.0036458333333333,0.0,0.0
19,P,Urban,15.0,40.0,OTFS,OTFS,1.0,0.978498342283121,0.978498342283121,0.0,0.0,0.0,0.0,
20,P,Urban,15.0,40.0,OTFS,OTFS,1.0,0.97695664280016,0.97695664280016,0.0,0.0,0.0,0.0,
21,P,Urban,20.0,40.0,OTFS,OTFS,1.0,0.980798739505444,0.980798739505444,0.0,0.0,0.0,0.0,
22,P,Urban,20.0,40.0,OTFS,OTFS,1.0,0.980221137348752,0.980221137348752,0.0,0.0,0.0,0.0,
23,P,Urban,20.0,40.0,OTFS,OTFS,1.0,0.980170436896058,0.980170436896058,0.0,0.0,0.0,0.0,
24,P,Urban,20.0,40.0,OTFS,OTFS,1.0,0.986762015709795,0.986762015709795,0.0,0.0,0.0,0.0,
25,P,Urban,20.0,40.0,OTFS,OTFS,1.0,0.985243386043207,0.985243386043207,0.0,0.0,0.0,0.0,
1,Q,HighSpeedRail,5.48,231.8,OTFS,OTFS,1.0,0.188311666103798,0.188311666103798,0.0,0.0796875,0.0588541666666667,0.0208333333333333,0.353982300884956
2,Q,HighSpeedRail,5.81,248.5,OTFS,OTFS,1.0,0.189665021240504,0.189665021240504,0.0,0.0911458333333333,0.0567708333333333,0.034375,0.605504587155963
3,Q,HighSpeedRail,6.49,260.5,OTFS,OTFS,1.0,0.162406343401521,0.162406343401521,0.0,0.1671875,0.122395833333333,0.0447916666666667,0.365957446808511
4,Q,HighSpeedRail,7.48,264.3,OTFS,OTFS,1.0,0.198754696337103,0.198754696337103,0.0,0.0578125,0.0578125,0.0,0.0
5,Q,HighSpeedRail,8.69,258.9,OTFS,OTFS,1.0,0.198275806481994,0.198275806481994,0.0,0.0598958333333333,0.0598958333333333,0.0,0.0
6,Q,HighSpeedRail,9.98,246.1,OTFS,ODDM,0.0,0.303563673328856,0.307816430946053,0.0042527576171964,0.0036458333333333,0.0020833333333333,0.0015625,0.75
7,Q,HighSpeedRail,10.99,229.6,OTFS,OTFS,1.0,0.969732434303605,0.969732434303605,0.0,0.0,0.0,0.0,
8,Q,HighSpeedRail,10.95,214.3,OTFS,OTFS,1.0,0.241568864969324,0.241568864969324,0.0,0.0182291666666667,0.0182291666666667,0.0,0.0
9,Q,HighSpeedRail,10.71,204.9,OTFS,ODDM,0.0,0.251116179708512,0.25378778941565,0.0026716097071388,0.0177083333333333,0.009375,0.0083333333333333,0.888888888888889
10,Q,HighSpeedRail,10.31,204.0,OTFS,OTFS,1.0,0.355418028343482,0.355418028343482,0.0,0.0010416666666666,0.0010416666666666,0.0,0.0
11,Q,HighSpeedRail,9.76,212.2,OTFS,OTFS,1.0,0.192873735175597,0.192873735175597,0.0,0.0572916666666667,0.0572916666666667,0.0,0.0
12,Q,HighSpeedRail,9.1,227.1,OTFS,OTFS,1.0,0.234437381619024,0.234437381619024,0.0,0.0203125,0.0182291666666667,0.0020833333333333,0.114285714285714
13,Q,HighSpeedRail,8.38,244.4,OTFS,ODDM,0.0,0.168104879290664,0.169627782444832,0.0015229031541685,0.117708333333333,0.0791666666666667,0.0385416666666667,0.486842105263158
14,Q,HighSpeedRail,7.62,259.3,OTFS,OTFS,1.0,0.147167731940827,0.147167731940827,0.0,0.207291666666667,0.168229166666667,0.0390625,0.232198142414861
15,Q,HighSpeedRail,6.9,267.4,OTFS,ODDM,0.0,0.173026855603104,0.184055032049389,0.0110281764462848,0.096875,0.05625,0.040625,0.722222222222222
16,Q,HighSpeedRail,5.46,266.6,OTFS,OTFS,1.0,0.136483282716162,0.136483282716162,0.0,0.2546875,0.196354166666667,0.0583333333333333,0.297082228116711
17,Q,HighSpeedRail,3.92,257.1,OTFS,OTFS,1.0,0.157622412025825,0.157622412025825,0.0,0.170833333333333,0.111979166666667,0.0588541666666667,0.525581395348837
18,Q,HighSpeedRail,2.76,241.9,OTFS,ODDM,0.0,0.128100889591756,0.137885397653807,0.0097845080620508,0.2390625,0.167708333333333,0.0713541666666667,0.425465838509317
19,Q,HighSpeedRail,2.11,225.4,OTFS,OTFS,1.0,0.162087575265775,0.162087575265775,0.0,0.110416666666667,0.110416666666667,0.0,0.0
20,Q,HighSpeedRail,2.05,212.5,OTFS,OTFS,1.0,0.213940028224023,0.213940028224023,0.0,0.0401041666666667,0.0401041666666667,0.0,0.0
21,Q,HighSpeedRail,2.57,207.2,OTFS,OTFS,1.0,0.150109242951004,0.150109242951004,0.0,0.222395833333333,0.184895833333333,0.0375,0.202816901408451
22,Q,HighSpeedRail,3.62,211.0,OTFS,OTFS,1.0,0.137583748244076,0.137583748244076,0.0,0.225520833333333,0.165104166666667,0.0604166666666667,0.365930599369085
23,Q,HighSpeedRail,5.08,222.9,OTFS,OTFS,1.0,0.190851758941137,0.190851758941137,0.0,0.0713541666666667,0.0567708333333333,0.0145833333333333,0.256880733944954
24,Q,HighSpeedRail,6.55,239.6,OTFS,OTFS,1.0,0.156002968977517,0.156002968977517,0.0,0.1515625,0.107291666666667,0.0442708333333333,0.412621359223301
1,R,Pedestrian,20.0,8.0,OTFS,OTFS,1.0,0.98148730556791,0.98148730556791,0.0,0.0,0.0,0.0,
2,R,Pedestrian,20.0,8.0,OTFS,OTFS,1.0,0.979020383138935,0.979020383138935,0.0,0.0,0.0,0.0,
3,R,Pedestrian,20.0,8.0,OTFS,OTFS,1.0,0.979565074624713,0.979565074624713,0.0,0.0,0.0,0.0,
4,R,Pedestrian,20.0,8.0,OTFS,OTFS,1.0,0.982761465385228,0.982761465385228,0.0,0.0,0.0,0.0,
5,R,Pedestrian,20.0,8.0,OTFS,OTFS,1.0,0.309810172397859,0.309810172397859,0.0,0.0041666666666666,0.0041666666666666,0.0,0.0
6,R,Pedestrian,20.0,8.0,OTFS,OTFS,1.0,0.980295404694863,0.980295404694863,0.0,0.0,0.0,0.0,
7,R,Pedestrian,20.0,8.0,OTFS,OTFS,1.0,0.978811768939985,0.978811768939985,0.0,0.0,0.0,0.0,
8,R,Pedestrian,20.0,8.0,OTFS,OTFS,1.0,0.980720300428506,0.980720300428506,0.0,0.0,0.0,0.0,
9,R,Urban,15.0,35.0,OTFS,OTFS,1.0,0.975892183101549,0.975892183101549,0.0,0.0,0.0,0.0,
10,R,Urban,15.0,35.0,OTFS,OTFS,1.0,0.979809523106513,0.979809523106513,0.0,0.0,0.0,0.0,
11,R,Urban,15.0,35.0,OTFS,OTFS,1.0,0.220482716916522,0.220482716916522,0.0,0.0244791666666667,0.0244791666666667,0.0,0.0
12,R,Urban,15.0,35.0,OTFS,OTFS,1.0,0.98142271083229,0.98142271083229,0.0,0.0,0.0,0.0,
13,R,Urban,15.0,35.0,OTFS,OTFS,1.0,0.361991500510622,0.361991500510622,0.0,0.0010416666666666,0.0010416666666666,0.0,0.0
14,R,Urban,15.0,35.0,OTFS,OTFS,1.0,0.29402716669128,0.29402716669128,0.0,0.0057291666666666,0.0057291666666666,0.0,0.0
15,R,Urban,15.0,35.0,OTFS,OTFS,1.0,0.981448402700239,0.981448402700239,0.0,0.0,0.0,0.0,
16,R,Urban,15.0,35.0,OTFS,OTFS,1.0,0.323595103631365,0.323595103631365,0.0,0.0020833333333333,0.0020833333333333,0.0,0.0
17,R,UrbanFast,15.0,55.0,OTFS,OTFS,1.0,0.973661036310616,0.973661036310616,0.0,0.0,0.0,0.0,
18,R,UrbanFast,15.0,55.0,OTFS,OTFS,1.0,0.316658608703736,0.316658608703736,0.0,0.0026939655172413,0.0026939655172413,0.0,0.0
19,R,UrbanFast,15.0,55.0,OTFS,OTFS,1.0,0.97348406777546,0.97348406777546,0.0,0.0,0.0,0.0,
20,R,UrbanFast,15.0,55.0,OTFS,OTFS,1.0,0.974082889392116,0.974082889392116,0.0,0.0,0.0,0.0,
21,R,UrbanFast,15.0,55.0,OTFS,OTFS,1.0,0.973974089555526,0.973974089555526,0.0,0.0,0.0,0.0,
22,R,UrbanFast,15.0,55.0,OTFS,OTFS,1.0,0.975271451327053,0.975271451327053,0.0,0.0,0.0,0.0,
23,R,UrbanFast,15.0,55.0,OTFS,OTFS,1.0,0.361428710298527,0.361428710298527,0.0,0.0010775862068965,0.0010775862068965,0.0,0.0
24,R,UrbanFast,15.0,55.0,OTFS,OTFS,1.0,0.273493446499129,0.273493446499129,0.0,0.0113146551724138,0.0113146551724138,0.0,0.0
