Speed_kmph,label,waveform,detector,BER_total,SER_total,PER_mean,Thr_mean,SE_mean,EVM_mean,CQI_mean,SINR_mean,Lat_mean,Run_mean
0,OTFS (MRC),OTFS,MRC,0.008854166667,0.01666666667,0.2,720000,1.5,13.72,130.14238,7.21412972,16.647212,0.024258376
30,OTFS (MRC),OTFS,MRC,0.004166666667,0.008333333333,0.2,720000,1.5,13.92,130.47153,5.35801784,10.766396,0.013713968
60,OTFS (MRC),OTFS,MRC,0.002083333333,0.004166666667,0.32,612000,1.275,13.96,114.45825,4.608501904,10.453752,0.013607048
90,OTFS (MRC),OTFS,MRC,0.003645833333,0.00625,0.48,468000,0.975,13.88,92.53054,6.506343464,10.320796,0.013574284
120,OTFS (MRC),OTFS,MRC,0.002604166667,0.005208333333,0.44,504000,1.05,14.08,98.45832,5.429386296,13.07992,0.017372008
150,OTFS (MRC),OTFS,MRC,0.002083333333,0.004166666667,0.36,576000,1.2,14.08,109.08609,4.93411456,12.63806,0.017034456
180,OTFS (MRC),OTFS,MRC,0.0015625,0.003125,0.32,612000,1.275,14.2,114.79863,4.082580992,12.314276,0.016678484
210,OTFS (MRC),OTFS,MRC,0.0015625,0.003125,0.36,576000,1.2,14.16,109.45185,4.366093428,12.909284,0.017587284
240,OTFS (MRC),OTFS,MRC,0.0015625,0.003125,0.36,576000,1.2,14.12,109.22605,4.50037508,13.50038,0.018262692
270,OTFS (MRC),OTFS,MRC,0.0015625,0.003125,0.4,540000,1.125,14.24,104.14614,4.376053232,14.265788,0.019021132
300,OTFS (MRC),OTFS,MRC,0.0015625,0.003125,0.4,540000,1.125,14.12,103.9299,4.679925664,13.673728,0.01847922
0,OTFS (LMMSE),OTFS,LMMSE,0.01041666667,0.02083333333,0.24,684000,1.425,13.52,124.32078,8.704369144,1.188584,0.00335518
30,OTFS (LMMSE),OTFS,LMMSE,0.005729166667,0.01145833333,0.28,648000,1.35,13.68,119.2386,6.970170392,0.746924,0.003720456
60,OTFS (LMMSE),OTFS,LMMSE,0.002604166667,0.005208333333,0.36,576000,1.2,13.8,108.59335,5.604903996,0.719244,0.003790156
90,OTFS (LMMSE),OTFS,LMMSE,0.003125,0.00625,0.52,432000,0.9,13.68,86.758842,6.696018848,0.730936,0.004060576
120,OTFS (LMMSE),OTFS,LMMSE,0.003125,0.00625,0.52,432000,0.9,13.92,87.188672,6.33006654,0.881912,0.005142388
150,OTFS (LMMSE),OTFS,LMMSE,0.002083333333,0.004166666667,0.44,504000,1.05,14,98.370116,5.343865012,0.910588,0.005321868
180,OTFS (LMMSE),OTFS,LMMSE,0.002083333333,0.004166666667,0.4,540000,1.125,14.2,104.31191,4.632350432,0.883144,0.005181092
210,OTFS (LMMSE),OTFS,LMMSE,0.003125,0.00625,0.48,468000,0.975,13.84,92.690877,6.261815672,0.85964,0.00522084
240,OTFS (LMMSE),OTFS,LMMSE,0.002604166667,0.005208333333,0.48,468000,0.975,14,92.748231,5.88309304,0.87338,0.005487348
270,OTFS (LMMSE),OTFS,LMMSE,0.002083333333,0.004166666667,0.56,396000,0.825,14.04,82.215313,5.723788852,0.82518,0.005282356
300,OTFS (LMMSE),OTFS,LMMSE,0.002083333333,0.004166666667,0.48,468000,0.975,13.84,92.330974,5.79857302,0.833196,0.005419404
0,ODDM (MMSETAP),ODDM,MMSETAP,0.04895833333,0.084375,0.24,682666.6636,1.4222222,12.52,122.22437,20.0367228,18.596644,0.029685932
30,ODDM (MMSETAP),ODDM,MMSETAP,0.0515625,0.09479166667,0.64,323368.4196,0.6736842,10.36,63.261013,30.66766359,16.677032,0.0264581
60,ODDM (MMSETAP),ODDM,MMSETAP,0.1197916667,0.2114583333,0.88,107789.4732,0.2245614,7.2,24.142649,57.65100759,16.73408,0.026853876
90,ODDM (MMSETAP),ODDM,MMSETAP,0.2083333333,0.3583333333,1,0,0,4.6,2.6268546,85.17341198,16.76886,0.026506212
120,ODDM (MMSETAP),ODDM,MMSETAP,0.2822916667,0.475,1,0,0,3.72,0.64618724,101.9495254,20.090036,0.032308964
150,ODDM (MMSETAP),ODDM,MMSETAP,0.3015625,0.50625,1,0,0,3.44,-0.093964811,106.593325,19.645196,0.031845928
180,ODDM (MMSETAP),ODDM,MMSETAP,0.3145833333,0.5197916667,1,0,0,3.28,-0.4401425,109.4010681,19.531232,0.031572464
210,ODDM (MMSETAP),ODDM,MMSETAP,0.3255208333,0.5364583333,1,0,0,3.16,-0.76021811,112.0610337,19.882556,0.031959928
240,ODDM (MMSETAP),ODDM,MMSETAP,0.3359375,0.553125,1,0,0,3.12,-0.90821068,114.0228382,20.846596,0.033500736
270,ODDM (MMSETAP),ODDM,MMSETAP,0.340625,0.5583333333,1,0,0,3.04,-0.90228045,114.5054236,19.969668,0.032100328
300,ODDM (MMSETAP),ODDM,MMSETAP,0.3421875,0.559375,1,0,0,3,-0.99624304,115.0005836,19.849812,0.03224356
0,ODDM (LMMSE),ODDM,LMMSE,0.01041666667,0.01979166667,0.2,718596.488,1.497076,13.48,129.67292,8.35466852,60.851532,0.070899432
30,ODDM (LMMSE),ODDM,LMMSE,0.005729166667,0.01145833333,0.32,610807.0148,1.2725146,13.72,113.66469,7.127292984,62.147628,0.071674288
60,ODDM (LMMSE),ODDM,LMMSE,0.002604166667,0.005208333333,0.36,574877.1904,1.1976608,13.96,108.90496,5.31862768,63.869768,0.073579456
90,ODDM (LMMSE),ODDM,LMMSE,0.002604166667,0.005208333333,0.48,467087.7172,0.9730994,13.76,92.265946,6.275919624,65.409492,0.075229256
120,ODDM (LMMSE),ODDM,LMMSE,0.002083333333,0.004166666667,0.48,467087.7172,0.9730994,14.08,93.075424,5.226361136,75.031356,0.087190628
150,ODDM (LMMSE),ODDM,LMMSE,0.002083333333,0.004166666667,0.48,467087.7172,0.9730994,14.2,93.4334,5.092778656,75.26006,0.087508248
180,ODDM (LMMSE),ODDM,LMMSE,0.002083333333,0.004166666667,0.52,431157.8928,0.8982456,14.16,88.084141,5.32655612,74.011808,0.085955108
210,ODDM (LMMSE),ODDM,LMMSE,0.002604166667,0.005208333333,0.52,431157.8928,0.8982456,13.68,86.899183,6.59233418,75.153272,0.087180964
240,ODDM (LMMSE),ODDM,LMMSE,0.002604166667,0.005208333333,0.52,431157.8928,0.8982456,13.84,87.170285,6.188039028,75.88352,0.088234428
270,ODDM (LMMSE),ODDM,LMMSE,0.002083333333,0.004166666667,0.44,503017.5416,1.0479532,14.08,98.365081,5.083646044,74.419176,0.086542804
300,ODDM (LMMSE),ODDM,LMMSE,0.002083333333,0.004166666667,0.48,467087.7172,0.9730994,13.8,92.227789,5.861076328,73.970976,0.086049524
0,OFDM (LMMSE),OFDM,LMMSE,0.0140625,0.02604166667,0.28,646736.8392,1.3473684,13.16,118.09663,11.0704473,1.884412,0.009200576
30,OFDM (LMMSE),OFDM,LMMSE,0.009375,0.01770833333,0.36,574877.1904,1.1976608,12.92,106.59831,10.67600825,1.895144,0.0078506
60,OFDM (LMMSE),OFDM,LMMSE,0.009895833333,0.01770833333,0.64,323368.4196,0.6736842,12.08,66.966064,14.26968574,1.772904,0.007628024
90,OFDM (LMMSE),OFDM,LMMSE,0.01354166667,0.02395833333,0.76,215578.9464,0.4491228,11.08,48.002946,19.01203349,1.68912,0.007321828
120,OFDM (LMMSE),OFDM,LMMSE,0.0109375,0.01979166667,0.8,179649.122,0.374269,11.2,42.717613,17.90024452,2.417756,0.009268772
150,OFDM (LMMSE),OFDM,LMMSE,0.01145833333,0.02083333333,0.8,179649.122,0.374269,11.24,42.834995,17.9605874,2.45512,0.009781436
180,OFDM (LMMSE),OFDM,LMMSE,0.01197916667,0.02291666667,0.84,143719.2976,0.2994152,10.92,37.089155,18.86296037,2.406744,0.009481752
210,OFDM (LMMSE),OFDM,LMMSE,0.0125,0.02395833333,0.88,107789.4732,0.2245614,11,31.556742,19.40779518,2.476044,0.009713944
240,OFDM (LMMSE),OFDM,LMMSE,0.01302083333,0.02395833333,0.88,107789.4732,0.2245614,10.96,31.3427,19.70191293,2.513588,0.010003036
270,OFDM (LMMSE),OFDM,LMMSE,0.01197916667,0.021875,0.88,107789.4732,0.2245614,10.92,31.417282,19.23642926,2.542024,0.009716108
300,OFDM (LMMSE),OFDM,LMMSE,0.01302083333,0.025,0.88,107789.4732,0.2245614,10.68,30.977617,20.33100654,2.449596,0.009816632
