NumPaths,label,waveform,detector,BER_total,SER_total,PER_mean,Thr_mean,SE_mean,EVM_mean,CQI_mean,SINR_mean,Lat_mean,Run_mean
1,OTFS (MRC),OTFS,MRC,0.01145833333,0.021875,0.4,540000,1.125,101.91677,10.66253678,13.12,16.337636,0.023302568
2,OTFS (MRC),OTFS,MRC,0.01822916667,0.034375,0.48,468000,0.975,89.334949,14.8409317,12.48,12.794164,0.014987788
3,OTFS (MRC),OTFS,MRC,0.00161637931,0.003232758621,0.12,765600,1.595,142.75398,2.275104,14.56,13.579992,0.016306836
4,OTFS (MRC),OTFS,MRC,0.001674107143,0.003348214286,0.24,638400,1.33,125.53146,3.87185516,14.2,13.742616,0.016832584
5,OTFS (MRC),OTFS,MRC,0.0005787037037,0.001157407407,0.32,550800,1.1475,116.3702,2.231603912,14.76,15.024824,0.018413296
6,OTFS (MRC),OTFS,MRC,0.0006009615385,0.001201923077,0.24,592800,1.235,126.60074,2.513274612,14.56,13.151616,0.01691964
7,OTFS (MRC),OTFS,MRC,0.000625,0.00125,0.16,630000,1.3125,137.33871,1.94548136,14.56,13.461516,0.01748046
8,OTFS (MRC),OTFS,MRC,0.0006510416667,0.001302083333,0.16,604800,1.26,137.21108,2.248924312,14.52,13.061384,0.01742356
9,OTFS (MRC),OTFS,MRC,0.004076086957,0.008152173913,0.12,607200,1.265,142.32596,3.692757672,14.32,13.562904,0.018383416
10,OTFS (MRC),OTFS,MRC,0.002130681818,0.004261363636,0.28,475200,0.99,120.30039,4.119143312,14.16,14.188744,0.019406132
1,OTFS (LMMSE),OTFS,LMMSE,0.01145833333,0.021875,0.4,540000,1.125,101.91677,10.66253678,13.12,1.041636,0.002870764
2,OTFS (LMMSE),OTFS,LMMSE,0.021875,0.04166666667,0.48,468000,0.975,88.298755,17.61810901,11.92,0.920172,0.003025552
3,OTFS (LMMSE),OTFS,LMMSE,0.003771551724,0.007543103448,0.44,487200,1.015,97.384539,6.77175898,13.72,1.03762,0.003644572
4,OTFS (LMMSE),OTFS,LMMSE,0.007254464286,0.01450892857,0.6,336000,0.7,74.235602,10.98324826,12.92,1.182236,0.004117108
5,OTFS (LMMSE),OTFS,LMMSE,0.00462962963,0.009259259259,0.68,259200,0.54,62.951333,10.15352697,12.96,1.329136,0.004578368
6,OTFS (LMMSE),OTFS,LMMSE,0.003004807692,0.006009615385,0.44,436800,0.91,97.271169,6.742010552,13.64,1.48382,0.004988436
7,OTFS (LMMSE),OTFS,LMMSE,0.004375,0.00875,0.64,270000,0.5625,69.209303,9.356905112,13.24,1.629436,0.005470528
8,OTFS (LMMSE),OTFS,LMMSE,0.00390625,0.0078125,0.4,432000,0.9,102.75815,6.848946048,13.64,1.838572,0.006177404
9,OTFS (LMMSE),OTFS,LMMSE,0.006114130435,0.01222826087,0.52,331200,0.69,87.324215,7.408733832,13.84,2.293808,0.006994636
10,OTFS (LMMSE),OTFS,LMMSE,0.006392045455,0.01278409091,0.48,343200,0.715,90.725742,9.526042772,13.12,2.29478,0.007280064
1,ODDM (MMSETAP),ODDM,MMSETAP,0.50625,0.7552083333,1,0,0,-3.0642503,142.30249,2,17.65242,0.023549648
2,ODDM (MMSETAP),ODDM,MMSETAP,0.38125,0.6052083333,1,0,0,-1.4347773,121.0147887,2.68,19.003344,0.028781012
3,ODDM (MMSETAP),ODDM,MMSETAP,0.3604525862,0.5818965517,1,0,0,-1.2603862,118.1333677,2.96,20.824968,0.036621236
4,ODDM (MMSETAP),ODDM,MMSETAP,0.3844866071,0.6026785714,1,0,0,-1.1439553,120.5261868,2.88,20.672468,0.039972208
5,ODDM (MMSETAP),ODDM,MMSETAP,0.3298611111,0.5300925926,1,0,0,-0.093533081,110.5362302,3.4,20.435652,0.04346106
6,ODDM (MMSETAP),ODDM,MMSETAP,0.3948317308,0.6201923077,1,0,0,-1.8427971,124.7461692,2.56,19.89522,0.045887828
7,ODDM (MMSETAP),ODDM,MMSETAP,0.355625,0.56625,1,0,0,-0.86099516,115.8960736,3.08,19.159228,0.048941928
8,ODDM (MMSETAP),ODDM,MMSETAP,0.4290364583,0.66796875,1,0,0,-2.2920162,130.6018776,2.4,26.37444,0.059166256
9,ODDM (MMSETAP),ODDM,MMSETAP,0.3743206522,0.5910326087,1,0,0,-0.93942934,119.120351,3.04,18.85058,0.055595612
10,ODDM (MMSETAP),ODDM,MMSETAP,0.4282670455,0.6676136364,1,0,0,-2.2455653,130.2655123,2.48,17.633388,0.057225756
1,ODDM (LMMSE),ODDM,LMMSE,0.01145833333,0.021875,0.32,610807.0148,1.2725146,112.67769,10.29450938,13.12,61.602248,0.06696866
2,ODDM (LMMSE),ODDM,LMMSE,0.02239583333,0.04166666667,0.56,395228.0684,0.8233918,77.940311,17.4769931,12.12,67.466404,0.076992244
3,ODDM (LMMSE),ODDM,LMMSE,0.003232758621,0.006465517241,0.48,451078.4824,0.93974686,92.302082,6.478079876,13.8,70.750892,0.086537884
4,ODDM (LMMSE),ODDM,LMMSE,0.006696428571,0.01339285714,0.6,334692.608,0.69727628,74.460259,10.68045941,12.96,66.536488,0.08620794
5,ODDM (LMMSE),ODDM,LMMSE,0.004050925926,0.008101851852,0.64,290183.0904,0.604548108,69.305796,8.942856444,13.2,62.50952,0.085279992
6,ODDM (LMMSE),ODDM,LMMSE,0.003004807692,0.006009615385,0.4,465273.786,0.9693204,103.05931,6.150387252,13.84,57.890996,0.0838998
7,ODDM (LMMSE),ODDM,LMMSE,0.00375,0.0075,0.6,297963.144,0.62075656,75.164127,8.322519296,13.56,54.485468,0.083744296
8,ODDM (LMMSE),ODDM,LMMSE,0.003255208333,0.006510416667,0.44,400074.416,0.833488376,97.798198,6.274970488,13.76,50.90422,0.083429968
9,ODDM (LMMSE),ODDM,LMMSE,0.005434782609,0.01086956522,0.44,383033.4928,0.797986448,98.427475,6.564968088,13.96,48.134204,0.084137596
10,ODDM (LMMSE),ODDM,LMMSE,0.005681818182,0.01136363636,0.44,366025.5312,0.762553176,96.864035,8.196523336,13.4,43.607568,0.082685068
1,OFDM (LMMSE),OFDM,LMMSE,0.01145833333,0.021875,0.32,610807.0148,1.2725146,112.83466,9.943385568,13.32,1.894512,0.00553408
2,OFDM (LMMSE),OFDM,LMMSE,0.03125,0.05520833333,0.72,251508.7708,0.5239766,52.3724,25.89452153,10.48,2.09668,0.005464284
3,OFDM (LMMSE),OFDM,LMMSE,0.01239224138,0.02262931034,0.96,34698.3448,0.07228822,20.35999,20.13075105,10.84,2.345032,0.006645984
4,OFDM (LMMSE),OFDM,LMMSE,0.01785714286,0.03236607143,0.96,33469.2608,0.069727628,19.776793,23.34384846,10.4,2.265364,0.00681286
5,OFDM (LMMSE),OFDM,LMMSE,0.015625,0.02777777778,0.8,161212.828,0.33586006,41.493213,21.54214268,10.56,2.155312,0.007401008
6,OFDM (LMMSE),OFDM,LMMSE,0.01622596154,0.03004807692,0.84,124073.0096,0.25848544,36.055464,21.8636871,10.44,2.170156,0.00787734
7,OFDM (LMMSE),OFDM,LMMSE,0.016875,0.03125,0.96,29796.3144,0.062075656,19.083882,23.66552706,10.2,1.974272,0.008413136
8,OFDM (LMMSE),OFDM,LMMSE,0.01432291667,0.02604166667,0.88,85730.232,0.178604652,30.881815,20.65943182,10.64,1.910244,0.009365264
9,OFDM (LMMSE),OFDM,LMMSE,0.01630434783,0.0285326087,0.92,54719.0704,0.113998064,25.469796,21.55265356,10.6,1.117288,0.008901812
10,OFDM (LMMSE),OFDM,LMMSE,0.01704545455,0.03125,0.92,52289.3616,0.108936168,24.751465,22.91190702,10.28,1.057992,0.009351468
