cond_id,profile,speed_kmph,snr_db,modulation,carrier_hz,doppler_hz,num_paths,delay_spread_taps,doppler_spread_hz,nTrials,label,BER_total,SER_total,PER_mean,Thr_mean,SE_mean,EVM_mean,CQI_mean,SINR_mean,Lat_mean,Run_mean
1,EPA,0,-5,4,4e+09,0,7,0,0,2,OTFS (MRC),0.3552083333,0.575,1,0,0,118.4367109,2.5,-1.413298364,123.0454,0.3063957
1,EPA,0,-5,4,4e+09,0,7,0,0,2,ODDM (LMMSE),0.3395833333,0.5619791667,1,0,0,116.0736297,3,-1.258988235,60.71,0.0815554
2,EPA,0,-5,16,4e+09,0,7,0,0,2,OTFS (MRC),0.401171875,0.8479166667,1,0,0,119.8176552,3,-1.550011313,15.4882,0.02088065
2,EPA,0,-5,16,4e+09,0,7,0,0,2,ODDM (LMMSE),0.4072916667,0.9109375,1,0,0,92.89190982,4,0.6440033846,56.3153,0.0647267
3,EPA,0,0,4,4e+09,0,7,0,0,2,OTFS (MRC),0.2588541667,0.4338541667,1,0,0,99.29524613,3.5,0.2849568978,12.42475,0.01670565
3,EPA,0,0,4,4e+09,0,7,0,0,2,ODDM (LMMSE),0.2479166667,0.4276041667,1,0,0,97.62806019,3.5,0.3877784388,56.6366,0.06500495
4,EPA,0,0,16,4e+09,0,7,0,0,2,OTFS (MRC),0.3180989583,0.7630208333,1,0,0,89.35887815,3.5,1.043553031,10.86725,0.01279285
4,EPA,0,0,16,4e+09,0,7,0,0,2,ODDM (LMMSE),0.3600260417,0.8932291667,1,0,0,82.57519129,4,1.673351094,59.60415,0.0655577
5,EPA,0,5,4,4e+09,0,7,0,0,2,OTFS (MRC),0.1450520833,0.2572916667,1,0,0,68.92997855,5.5,4.317277907,11.0512,0.0126748
5,EPA,0,5,4,4e+09,0,7,0,0,2,ODDM (LMMSE),0.1364583333,0.2473958333,1,0,0,66.44929542,5.5,4.720242973,54.6243,0.0598717
6,EPA,0,5,16,4e+09,0,7,0,0,2,OTFS (MRC),0.2018229167,0.6104166667,1,0,0,60.86287143,5.5,4.407166153,11.8716,0.0137542
6,EPA,0,5,16,4e+09,0,7,0,0,2,ODDM (LMMSE),0.3130208333,0.859375,1,0,0,72.65593269,5,2.781393699,58.01,0.06310965
7,EPA,0,10,4,4e+09,0,7,0,0,2,OTFS (MRC),0.06744791667,0.1255208333,1,0,0,38.93937307,10,14.75431384,10.37595,0.0119463
7,EPA,0,10,4,4e+09,0,7,0,0,2,ODDM (LMMSE),0.06223958333,0.1135416667,1,0,0,38.36115943,10,13.43352067,57.96155,0.0631203
8,EPA,0,10,16,4e+09,0,7,0,0,2,OTFS (MRC),0.08971354167,0.3239583333,1,0,0,37.57727309,8,8.675418494,13.5464,0.01514585
8,EPA,0,10,16,4e+09,0,7,0,0,2,ODDM (LMMSE),0.2609375,0.7734375,1,0,0,65.11022711,5,3.740551371,60.82775,0.06729485
9,EPA,0,15,4,4e+09,0,7,0,0,2,OTFS (MRC),0.01276041667,0.025,0.5,450000,0.9375,15.97524126,11.5,84.95522579,15.8574,0.0176536
9,EPA,0,15,4,4e+09,0,7,0,0,2,ODDM (LMMSE),0.0109375,0.02135416667,0.5,449122.807,0.9356725146,14.79019946,12,85.28995973,63.67035,0.07011545
10,EPA,0,15,16,4e+09,0,7,0,0,2,OTFS (MRC),0.01848958333,0.07291666667,1,0,0,15.0542238,12.5,18.14094732,13.8515,0.01592965
10,EPA,0,15,16,4e+09,0,7,0,0,2,ODDM (LMMSE),0.1130208333,0.3770833333,1,0,0,39.5221835,8,8.889944729,64.1121,0.0697537
11,EPA,0,20,4,4e+09,0,7,0,0,2,OTFS (MRC),0.0002604166667,0.0005208333333,0.5,450000,0.9375,2.282177323,15,93.40620619,12.2015,0.0141998
11,EPA,0,20,4,4e+09,0,7,0,0,2,ODDM (LMMSE),0,0,0,898245.614,1.871345029,0,15,160,68.98395,0.07522145
12,EPA,0,20,16,4e+09,0,7,0,0,2,OTFS (MRC),0.0006510416667,0.002604166667,0.5,900000,1.875,2.297545694,15,93.37705847,10.92115,0.0127649
12,EPA,0,20,16,4e+09,0,7,0,0,2,ODDM (LMMSE),0.0046875,0.01875,0.5,898245.614,1.871345029,6.164962024,13.5,89.09039599,60.038,0.06584385
13,EPA,50,-5,4,4e+09,185.313,7,0,185.074,2,OTFS (MRC),0.359375,0.5885416667,1,0,0,119.6219689,3,-1.536268092,11.2476,0.0141467
13,EPA,50,-5,4,4e+09,185.313,7,0,185.074,2,ODDM (LMMSE),0.3432291667,0.5760416667,1,0,0,117.0329769,3,-1.355863941,59.96025,0.06541985
14,EPA,50,-5,16,4e+09,185.313,7,0,185.074,2,OTFS (MRC),0.423828125,0.88125,1,0,0,127.3028615,2.5,-2.050211965,10.2785,0.01287785
14,EPA,50,-5,16,4e+09,185.313,7,0,185.074,2,ODDM (LMMSE),0.4265625,0.9057291667,1,0,0,96.52195601,3.5,0.3170469119,57.67675,0.0633724
15,EPA,50,0,4,4e+09,185.313,7,0,185.074,2,OTFS (MRC),0.2643229167,0.4536458333,1,0,0,101.8586729,3.5,-0.07639481976,11.75145,0.0146067
15,EPA,50,0,4,4e+09,185.313,7,0,185.074,2,ODDM (LMMSE),0.2486979167,0.4395833333,1,0,0,99.09706272,3.5,0.135624423,57.88325,0.0630976
16,EPA,50,0,16,4e+09,185.313,7,0,185.074,2,OTFS (MRC),0.35546875,0.8161458333,1,0,0,101.7203477,3.5,-0.01894616172,13.35735,0.0160352
16,EPA,50,0,16,4e+09,185.313,7,0,185.074,2,ODDM (LMMSE),0.384765625,0.8880208333,1,0,0,87.78518595,4,1.149850092,62.3074,0.0682565
17,EPA,50,5,4,4e+09,185.313,7,0,185.074,2,OTFS (MRC),0.13046875,0.2385416667,1,0,0,68.34803641,5.5,3.846646877,13.86915,0.01687745
17,EPA,50,5,4,4e+09,185.313,7,0,185.074,2,ODDM (LMMSE),0.13359375,0.2447916667,1,0,0,70.37996186,5.5,3.407563781,58.23925,0.0644404
18,EPA,50,5,16,4e+09,185.313,7,0,185.074,2,OTFS (MRC),0.2529947917,0.6833333333,1,0,0,72.60711883,5,3.005821777,9.3521,0.01194795
18,EPA,50,5,16,4e+09,185.313,7,0,185.074,2,ODDM (LMMSE),0.3389322917,0.8625,1,0,0,78.13565277,4.5,2.169511157,60.20795,0.0659089
19,EPA,50,10,4,4e+09,185.313,7,0,185.074,2,OTFS (MRC),0.0453125,0.08645833333,1,0,0,33.15796112,10.5,14.12962016,10.47885,0.01321305
19,EPA,50,10,4,4e+09,185.313,7,0,185.074,2,ODDM (LMMSE),0.03645833333,0.06979166667,1,0,0,30.66504778,10,13.74320326,58.2931,0.0634043
20,EPA,50,10,16,4e+09,185.313,7,0,185.074,2,OTFS (MRC),0.13671875,0.4411458333,1,0,0,47.65907516,7,6.721846629,9.3912,0.0123426
20,EPA,50,10,16,4e+09,185.313,7,0,185.074,2,ODDM (LMMSE),0.2923177083,0.8151041667,1,0,0,69.81403377,5,3.137495454,58.86135,0.0652745
21,EPA,50,15,4,4e+09,185.313,7,0,185.074,2,OTFS (MRC),0.004427083333,0.008854166667,0.5,450000,0.9375,9.409658159,13,87.25396158,10.26395,0.01265365
21,EPA,50,15,4,4e+09,185.313,7,0,185.074,2,ODDM (LMMSE),0.002604166667,0.005208333333,0.5,449122.807,0.9356725146,7.216878365,13.5,88.40620619,57.00575,0.0621159
22,EPA,50,15,16,4e+09,185.313,7,0,185.074,2,OTFS (MRC),0.048046875,0.1744791667,1,0,0,24.97118404,10,13.33708044,9.9641,0.0126308
22,EPA,50,15,16,4e+09,185.313,7,0,185.074,2,ODDM (LMMSE),0.1740885417,0.5369791667,1,0,0,50.84318051,6.5,6.294868037,57.99075,0.0638446
23,EPA,50,20,4,4e+09,185.313,7,0,185.074,2,OTFS (MRC),0,0,0,900000,1.875,0,15,160,11.2345,0.0140603
23,EPA,50,20,4,4e+09,185.313,7,0,185.074,2,ODDM (LMMSE),0,0,0,898245.614,1.871345029,0,15,160,58.54735,0.06398365
24,EPA,50,20,16,4e+09,185.313,7,0,185.074,2,OTFS (MRC),0.006901041667,0.02760416667,0.5,900000,1.875,7.480266833,13.5,88.25052914,9.0924,0.0118627
24,EPA,50,20,16,4e+09,185.313,7,0,185.074,2,ODDM (LMMSE),0.056640625,0.1994791667,1,0,0,22.4329268,11,20.55636833,58.89025,0.06461355
25,EPA,150,-5,4,4e+09,555.94,7,0,555.223,2,OTFS (MRC),0.3513020833,0.5703125,1,0,0,118.2611532,3,-1.436179369,9.2097,0.0120315
25,EPA,150,-5,4,4e+09,555.94,7,0,555.223,2,ODDM (LMMSE),0.33359375,0.5489583333,1,0,0,115.2250573,3,-1.208987959,59.59525,0.0652283
26,EPA,150,-5,16,4e+09,555.94,7,0,555.223,2,OTFS (MRC),0.4358072917,0.8791666667,1,0,0,129.2197923,2.5,-2.186335858,10.3465,0.01361855
26,EPA,150,-5,16,4e+09,555.94,7,0,555.223,2,ODDM (LMMSE),0.430859375,0.9161458333,1,0,0,96.97286696,3.5,0.2761618172,59.1393,0.06471375
27,EPA,150,0,4,4e+09,555.94,7,0,555.223,2,OTFS (MRC),0.2528645833,0.4364583333,1,0,0,99.4089108,3.5,0.1548709923,10.10455,0.0131277
27,EPA,150,0,4,4e+09,555.94,7,0,555.223,2,ODDM (LMMSE),0.2372395833,0.4125,1,0,0,96.37197314,3.5,0.4164968165,57.8267,0.06326315
28,EPA,150,0,16,4e+09,555.94,7,0,555.223,2,OTFS (MRC),0.3598958333,0.809375,1,0,0,103.3135892,3.5,-0.1638799897,9.52765,0.0123903
28,EPA,150,0,16,4e+09,555.94,7,0,555.223,2,ODDM (LMMSE),0.38984375,0.896875,1,0,0,88.40966398,4,1.089070651,60.35875,0.0659321
29,EPA,150,5,4,4e+09,555.94,7,0,555.223,2,OTFS (MRC),0.1302083333,0.2364583333,1,0,0,67.92476415,5.5,3.958588872,8.9384,0.0118982
29,EPA,150,5,4,4e+09,555.94,7,0,555.223,2,ODDM (LMMSE),0.1213541667,0.2182291667,1,0,0,66.14357223,5.5,4.094058406,59.20595,0.0652764
30,EPA,150,5,16,4e+09,555.94,7,0,555.223,2,OTFS (MRC),0.2578125,0.6828125,1,0,0,74.31549563,5,2.793537462,9.3388,0.0123119
30,EPA,150,5,16,4e+09,555.94,7,0,555.223,2,ODDM (LMMSE),0.3397135417,0.8697916667,1,0,0,77.65890371,4.5,2.224798758,59.1649,0.06464665
31,EPA,150,10,4,4e+09,555.94,7,0,555.223,2,OTFS (MRC),0.03828125,0.075,1,0,0,29.85783084,10.5,15.99064809,9.5166,0.01212895
31,EPA,150,10,4,4e+09,555.94,7,0,555.223,2,ODDM (LMMSE),0.03489583333,0.06927083333,1,0,0,29.44770733,10.5,14.70439274,60.9167,0.06697545
32,EPA,150,10,16,4e+09,555.94,7,0,555.223,2,OTFS (MRC),0.1399739583,0.4536458333,1,0,0,47.96904896,7,6.682892326,10.26495,0.01303675
32,EPA,150,10,16,4e+09,555.94,7,0,555.223,2,ODDM (LMMSE),0.2908854167,0.815625,1,0,0,69.36771817,5,3.198044449,58.9671,0.0645081
33,EPA,150,15,4,4e+09,555.94,7,0,555.223,2,OTFS (MRC),0.004166666667,0.008333333333,0.5,450000,0.9375,9.128709292,13,87.38560627,10.2936,0.01371725
33,EPA,150,15,4,4e+09,555.94,7,0,555.223,2,ODDM (LMMSE),0.002864583333,0.005729166667,0.5,449122.807,0.9356725146,7.569125885,13.5,88.19924276,60.93575,0.06651045
34,EPA,150,15,16,4e+09,555.94,7,0,555.223,2,OTFS (MRC),0.04934895833,0.1802083333,1,0,0,24.94348906,10.5,13.56666829,11.2097,0.01435195
34,EPA,150,15,16,4e+09,555.94,7,0,555.223,2,ODDM (LMMSE),0.1716145833,0.53125,1,0,0,50.24140208,6.5,6.472795105,62.6624,0.06821605
35,EPA,150,20,4,4e+09,555.94,7,0,555.223,2,OTFS (MRC),0,0,0,900000,1.875,0,15,160,12.2942,0.01557465
35,EPA,150,20,4,4e+09,555.94,7,0,555.223,2,ODDM (LMMSE),0,0,0,898245.614,1.871345029,0,15,160,64.3971,0.0713748
36,EPA,150,20,16,4e+09,555.94,7,0,555.223,2,OTFS (MRC),0.00625,0.02395833333,0.5,900000,1.875,7.118684968,13.5,88.4657023,9.64915,0.0129252
36,EPA,150,20,16,4e+09,555.94,7,0,555.223,2,ODDM (LMMSE),0.05950520833,0.2052083333,0.5,898245.614,1.871345029,21.96530587,11,83.57232749,62.0168,0.067689
37,EPA,250,-5,4,4e+09,926.567,7,0,925.371,2,OTFS (MRC),0.3666666667,0.5963541667,1,0,0,120.8683145,3,-1.629117095,11.32745,0.0147855
37,EPA,250,-5,4,4e+09,926.567,7,0,925.371,2,ODDM (LMMSE),0.3544270833,0.5776041667,1,0,0,118.8980186,3,-1.491080404,59.9179,0.06576795
38,EPA,250,-5,16,4e+09,926.567,7,0,925.371,2,OTFS (MRC),0.4171875,0.8671875,1,0,0,125.7978229,2.5,-1.966004145,8.9415,0.0120957
38,EPA,250,-5,16,4e+09,926.567,7,0,925.371,2,ODDM (LMMSE),0.4231770833,0.9192708333,1,0,0,95.37048647,3.5,0.4161151121,61.52665,0.06684685
39,EPA,250,0,4,4e+09,926.567,7,0,925.371,2,OTFS (MRC),0.2705729167,0.459375,1,0,0,103.0308317,3.5,-0.1735843245,9.4514,0.0131229
39,EPA,250,0,4,4e+09,926.567,7,0,925.371,2,ODDM (LMMSE),0.2578125,0.4447916667,1,0,0,100.5687279,3.5,0.03679333464,59.1191,0.0651651
40,EPA,250,0,16,4e+09,926.567,7,0,925.371,2,OTFS (MRC),0.3528645833,0.8052083333,1,0,0,100.221717,3.5,0.08141031194,10.37485,0.01336695
40,EPA,250,0,16,4e+09,926.567,7,0,925.371,2,ODDM (LMMSE),0.3834635417,0.9,1,0,0,86.76694812,4,1.246944765,59.4266,0.06499295
41,EPA,250,5,4,4e+09,926.567,7,0,925.371,2,OTFS (MRC),0.1401041667,0.2494791667,1,0,0,70.21499023,5.5,3.709858255,9.7841,0.0127714
41,EPA,250,5,4,4e+09,926.567,7,0,925.371,2,ODDM (LMMSE),0.1361979167,0.2463541667,1,0,0,69.58044914,5.5,3.731505707,60.86475,0.06636435
42,EPA,250,5,16,4e+09,926.567,7,0,925.371,2,OTFS (MRC),0.2446614583,0.6677083333,1,0,0,71.72825329,5,3.068850616,10.8942,0.0140543
42,EPA,250,5,16,4e+09,926.567,7,0,925.371,2,ODDM (LMMSE),0.3440104167,0.8739583333,1,0,0,78.52130769,4.5,2.12108267,63.1008,0.068938
43,EPA,250,10,4,4e+09,926.567,7,0,925.371,2,OTFS (MRC),0.05104166667,0.09791666667,1,0,0,36.64342174,9,11.91239552,11.59035,0.0146689
43,EPA,250,10,4,4e+09,926.567,7,0,925.371,2,ODDM (LMMSE),0.04296875,0.08020833333,1,0,0,33.00022217,10,13.37923103,61.0835,0.067224
44,EPA,250,10,16,4e+09,926.567,7,0,925.371,2,OTFS (MRC),0.13125,0.4244791667,1,0,0,46.75265472,7,6.884609428,9.21005,0.0123211
44,EPA,250,10,16,4e+09,926.567,7,0,925.371,2,ODDM (LMMSE),0.2962239583,0.8234375,1,0,0,70.44199218,5,3.063672232,61.8724,0.06747295
45,EPA,250,15,4,4e+09,926.567,7,0,925.371,2,OTFS (MRC),0.00625,0.01197916667,0.5,450000,0.9375,11.18033989,12.5,86.50514998,9.5839,0.0126808
45,EPA,250,15,4,4e+09,926.567,7,0,925.371,2,ODDM (LMMSE),0.004166666667,0.008333333333,0.5,449122.807,0.9356725146,9.128709292,13,87.38560627,63.19935,0.0692763
46,EPA,250,15,16,4e+09,926.567,7,0,925.371,2,OTFS (MRC),0.04270833333,0.1578125,1,0,0,23.5502851,10,13.8021372,10.1417,0.01362995
46,EPA,250,15,16,4e+09,926.567,7,0,925.371,2,ODDM (LMMSE),0.16484375,0.5135416667,1,0,0,49.35526202,6.5,6.578257503,61.17245,0.06715695
47,EPA,250,20,4,4e+09,926.567,7,0,925.371,2,OTFS (MRC),0,0,0,900000,1.875,0,15,160,9.96145,0.01298995
47,EPA,250,20,4,4e+09,926.567,7,0,925.371,2,ODDM (LMMSE),0,0,0,898245.614,1.871345029,0,15,160,63.51105,0.0692367
48,EPA,250,20,16,4e+09,926.567,7,0,925.371,2,OTFS (MRC),0.004817708333,0.01875,0.5,900000,1.875,6.25,13.5,89.03089987,8.6209,0.01176835
48,EPA,250,20,16,4e+09,926.567,7,0,925.371,2,ODDM (LMMSE),0.04505208333,0.1645833333,1,0,0,20.5102641,11.5,19.55587479,62.38905,0.06774405
49,EPA,350,-5,4,4e+09,1297.19,7,0,1295.52,2,OTFS (MRC),0.3565104167,0.584375,1,0,0,119.1184474,3,-1.497729426,10.44315,0.01396085
49,EPA,350,-5,4,4e+09,1297.19,7,0,1295.52,2,ODDM (LMMSE),0.3333333333,0.5567708333,1,0,0,115.2318829,3,-1.213444609,60.34955,0.0657653
50,EPA,350,-5,16,4e+09,1297.19,7,0,1295.52,2,OTFS (MRC),0.4313802083,0.875,1,0,0,127.9453592,2.5,-2.107787659,9.955,0.01322455
50,EPA,350,-5,16,4e+09,1297.19,7,0,1295.52,2,ODDM (LMMSE),0.420703125,0.915625,1,0,0,95.21110534,4,0.4280111777,62.5209,0.068196
51,EPA,350,0,4,4e+09,1297.19,7,0,1295.52,2,OTFS (MRC),0.2557291667,0.44375,1,0,0,100.0530112,3.5,0.09126668887,10.32375,0.01328985
51,EPA,350,0,4,4e+09,1297.19,7,0,1295.52,2,ODDM (LMMSE),0.23671875,0.4140625,1,0,0,96.32572391,3.5,0.4150586872,60.79285,0.0666267
52,EPA,350,0,16,4e+09,1297.19,7,0,1295.52,2,OTFS (MRC),0.3571614583,0.809375,1,0,0,101.1429283,3.5,0.008487261376,10.4187,0.013645
52,EPA,350,0,16,4e+09,1297.19,7,0,1295.52,2,ODDM (LMMSE),0.3765625,0.8947916667,1,0,0,85.93953813,4,1.323816973,60.3054,0.0661568
53,EPA,350,5,4,4e+09,1297.19,7,0,1295.52,2,OTFS (MRC),0.134375,0.2432291667,1,0,0,69.97216275,5.5,3.548522364,9.1884,0.0125844
53,EPA,350,5,4,4e+09,1297.19,7,0,1295.52,2,ODDM (LMMSE),0.1236979167,0.225,1,0,0,67.28391597,5.5,3.865457258,62.21615,0.0676701
54,EPA,350,5,16,4e+09,1297.19,7,0,1295.52,2,OTFS (MRC),0.247265625,0.6671875,1,0,0,71.24205646,5,3.128448049,11.3492,0.01464835
54,EPA,350,5,16,4e+09,1297.19,7,0,1295.52,2,ODDM (LMMSE),0.3305989583,0.8713541667,1,0,0,75.85554128,4.5,2.412823187,61.01285,0.0671403
55,EPA,350,10,4,4e+09,1297.19,7,0,1295.52,2,OTFS (MRC),0.04244791667,0.08177083333,1,0,0,34.54245927,9,11.62129918,9.65835,0.0127076
55,EPA,350,10,4,4e+09,1297.19,7,0,1295.52,2,ODDM (LMMSE),0.03854166667,0.071875,1,0,0,30.80313963,10.5,14.48549812,62.07615,0.0675743
56,EPA,350,10,16,4e+09,1297.19,7,0,1295.52,2,OTFS (MRC),0.13046875,0.4348958333,1,0,0,45.96232151,7,6.981486158,9.45195,0.0126988
56,EPA,350,10,16,4e+09,1297.19,7,0,1295.52,2,ODDM (LMMSE),0.2901041667,0.8182291667,1,0,0,69.28353281,5,3.203900944,65.79695,0.0716154
57,EPA,350,15,4,4e+09,1297.19,7,0,1295.52,2,OTFS (MRC),0.001822916667,0.003645833333,0.5,450000,0.9375,6.038073644,13.5,89.18071599,9.3747,0.0132384
57,EPA,350,15,4,4e+09,1297.19,7,0,1295.52,2,ODDM (LMMSE),0.002604166667,0.005208333333,0.5,449122.807,0.9356725146,7.216878365,13.5,88.40620619,61.98625,0.0682201
58,EPA,350,15,16,4e+09,1297.19,7,0,1295.52,2,OTFS (MRC),0.04270833333,0.1588541667,1,0,0,23.89171591,10,13.51798474,9.2261,0.0125095
58,EPA,350,15,16,4e+09,1297.19,7,0,1295.52,2,ODDM (LMMSE),0.1598958333,0.5166666667,1,0,0,49.47893439,6.5,6.400212484,63.41895,0.06941195
59,EPA,350,20,4,4e+09,1297.19,7,0,1295.52,2,OTFS (MRC),0,0,0,900000,1.875,0,15,160,10.0801,0.01318785
59,EPA,350,20,4,4e+09,1297.19,7,0,1295.52,2,ODDM (LMMSE),0,0,0,898245.614,1.871345029,0,15,160,63.06945,0.0692757
60,EPA,350,20,16,4e+09,1297.19,7,0,1295.52,2,OTFS (MRC),0.003385416667,0.01354166667,0.5,900000,1.875,5.239210277,14,89.79704175,9.4874,0.0127861
60,EPA,350,20,16,4e+09,1297.19,7,0,1295.52,2,ODDM (LMMSE),0.03776041667,0.1432291667,1,0,0,19.43148203,11.5,18.45168686,63.88095,0.0700726
61,EVA,0,-5,4,4e+09,0,9,1,0,2,OTFS (MRC),0.2731770833,0.4677083333,1,0,0,104.5292583,3,-0.3844721795,23.333,0.02742105
61,EVA,0,-5,4,4e+09,0,9,1,0,2,ODDM (LMMSE),0.2658854167,0.4677083333,1,0,0,103.1245824,3,-0.2669430012,65.71735,0.07652065
62,EVA,0,-5,16,4e+09,0,9,1,0,2,OTFS (MRC),0.4361979167,0.8744791667,1,0,0,135.6637425,2.5,-2.480854401,13.63355,0.01551445
62,EVA,0,-5,16,4e+09,0,9,1,0,2,ODDM (LMMSE),0.433984375,0.9213541667,1,0,0,98.03923867,3.5,0.2112009699,68.43945,0.07932985
63,EVA,0,0,4,4e+09,0,9,1,0,2,OTFS (MRC),0.1466145833,0.2739583333,1,0,0,76.56724345,4.5,2.320651662,8.97515,0.01092745
63,EVA,0,0,4,4e+09,0,9,1,0,2,ODDM (LMMSE),0.1408854167,0.2635416667,1,0,0,75.06912377,5,2.490806454,69.22075,0.0789543
64,EVA,0,0,16,4e+09,0,9,1,0,2,OTFS (MRC),0.3803385417,0.821875,1,0,0,117.1242351,3,-0.7975945236,20.6263,0.02291435
64,EVA,0,0,16,4e+09,0,9,1,0,2,ODDM (LMMSE),0.406640625,0.9114583333,1,0,0,91.98677422,3.5,0.8214823796,65.6442,0.07540185
65,EVA,0,5,4,4e+09,0,9,1,0,2,OTFS (MRC),0.03359375,0.0671875,1,0,0,36.51006234,7.5,8.786965064,9.5906,0.01156365
65,EVA,0,5,4,4e+09,0,9,1,0,2,ODDM (LMMSE),0.0296875,0.05833333333,1,0,0,34.45481665,8,9.256338868,67.6085,0.07852405
66,EVA,0,5,16,4e+09,0,9,1,0,2,OTFS (MRC),0.3154947917,0.7182291667,1,0,0,100.7485961,4,1.155834588,10.3577,0.0122281
66,EVA,0,5,16,4e+09,0,9,1,0,2,ODDM (LMMSE),0.3782552083,0.8895833333,1,0,0,86.40862569,4,1.435214133,65.9002,0.07595035
67,EVA,0,10,4,4e+09,0,9,1,0,2,OTFS (MRC),0.001041666667,0.002083333333,1,0,0,6.235024398,14.5,24.4268061,10.63565,0.01244235
67,EVA,0,10,4,4e+09,0,9,1,0,2,ODDM (LMMSE),0.0005208333333,0.001041666667,0.5,449122.807,0.9356725146,3.227486122,15,91.90105621,70.5126,0.08075845
68,EVA,0,10,16,4e+09,0,9,1,0,2,OTFS (MRC),0.2479166667,0.5473958333,1,0,0,83.12004489,5.5,3.943442818,19.20175,0.0211794
68,EVA,0,10,16,4e+09,0,9,1,0,2,ODDM (LMMSE),0.3282552083,0.80625,1,0,0,79.06612182,4.5,2.306839719,70.74695,0.0835906
69,EVA,0,15,4,4e+09,0,9,1,0,2,OTFS (MRC),0,0,0,900000,1.875,0,15,160,14.79625,0.0167523
69,EVA,0,15,4,4e+09,0,9,1,0,2,ODDM (LMMSE),0,0,0,898245.614,1.871345029,0,15,160,73.1917,0.08461155
70,EVA,0,15,16,4e+09,0,9,1,0,2,OTFS (MRC),0.198046875,0.4255208333,1,0,0,59.20261511,9,12.11685448,12.9471,0.0148734
70,EVA,0,15,16,4e+09,0,9,1,0,2,ODDM (LMMSE),0.2165364583,0.5109375,1,0,0,56.93687481,7,6.923990541,66.94475,0.07826545
71,EVA,0,20,4,4e+09,0,9,1,0,2,OTFS (MRC),0,0,0,900000,1.875,0,15,160,10.77065,0.01292775
71,EVA,0,20,4,4e+09,0,9,1,0,2,ODDM (LMMSE),0,0,0,898245.614,1.871345029,0,15,160,67.22145,0.07772145
72,EVA,0,20,16,4e+09,0,9,1,0,2,OTFS (MRC),0.1458333333,0.3661458333,0.5,900000,1.875,40.53068574,9.5,80.91186053,12.45635,0.01440565
72,EVA,0,20,16,4e+09,0,9,1,0,2,ODDM (LMMSE),0.1756510417,0.4416666667,0.5,898245.614,1.871345029,40.30866968,9.5,80.93571539,66.6295,0.0771367
73,EVA,50,-5,4,4e+09,185.313,9,1,185.074,2,OTFS (MRC),0.3075520833,0.525,1,0,0,110.753847,3,-0.8745294439,13.9662,0.0182842
73,EVA,50,-5,4,4e+09,185.313,9,1,185.074,2,ODDM (LMMSE),0.2807291667,0.4755208333,1,0,0,105.9239013,3,-0.496280466,66.9699,0.07789395
74,EVA,50,-5,16,4e+09,185.313,9,1,185.074,2,OTFS (MRC),0.419140625,0.8765625,1,0,0,126.1196425,2.5,-1.924868548,12.87915,0.01649915
74,EVA,50,-5,16,4e+09,185.313,9,1,185.074,2,ODDM (LMMSE),0.4002604167,0.9125,1,0,0,90.64787522,4,0.8533062782,75.98955,0.0862837
75,EVA,50,0,4,4e+09,185.313,9,1,185.074,2,OTFS (MRC),0.18359375,0.3291666667,1,0,0,85.00671622,4.5,1.482199792,10.56145,0.0138801
75,EVA,50,0,4,4e+09,185.313,9,1,185.074,2,ODDM (LMMSE),0.16875,0.3005208333,1,0,0,81.93141937,4.5,1.755152264,67.4572,0.0771953
76,EVA,50,0,16,4e+09,185.313,9,1,185.074,2,OTFS (MRC),0.3559895833,0.8125,1,0,0,102.1387648,3.5,0.08940476825,18.2383,0.02218885
76,EVA,50,0,16,4e+09,185.313,9,1,185.074,2,ODDM (LMMSE),0.3522135417,0.89375,1,0,0,80.42547673,4,1.897281175,69.6415,0.08034835
77,EVA,50,5,4,4e+09,185.313,9,1,185.074,2,OTFS (MRC),0.05703125,0.109375,1,0,0,44.96720833,7,7.537847262,14.72895,0.01805675
77,EVA,50,5,4,4e+09,185.313,9,1,185.074,2,ODDM (LMMSE),0.05625,0.1078125,1,0,0,45.94576474,7,7.050872325,72.40385,0.08465595
78,EVA,50,5,16,4e+09,185.313,9,1,185.074,2,OTFS (MRC),0.2610677083,0.665625,1,0,0,76.57467199,5,2.857003244,20.107,0.0237268
78,EVA,50,5,16,4e+09,185.313,9,1,185.074,2,ODDM (LMMSE),0.3125,0.8541666667,1,0,0,72.60951116,4.5,2.789033819,73.20305,0.08543125
79,EVA,50,10,4,4e+09,185.313,9,1,185.074,2,OTFS (MRC),0.005729166667,0.01145833333,0.5,450000,0.9375,10.70436048,12.5,86.69409278,14.2766,0.0181671
79,EVA,50,10,4,4e+09,185.313,9,1,185.074,2,ODDM (LMMSE),0.002864583333,0.005729166667,0.5,449122.807,0.9356725146,7.569125885,13.5,88.19924276,75.05955,0.08603065
80,EVA,50,10,16,4e+09,185.313,9,1,185.074,2,OTFS (MRC),0.1545572917,0.4505208333,1,0,0,50.67882376,7,6.843032223,16.0793,0.0196662
80,EVA,50,10,16,4e+09,185.313,9,1,185.074,2,ODDM (LMMSE),0.24609375,0.7328125,1,0,0,63.52692373,5.5,3.960672463,68.54005,0.07827995
81,EVA,50,15,4,4e+09,185.313,9,1,185.074,2,OTFS (MRC),0,0,0,900000,1.875,0,15,160,10.36825,0.01362375
81,EVA,50,15,4,4e+09,185.313,9,1,185.074,2,ODDM (LMMSE),0,0,0,898245.614,1.871345029,0,15,160,70.8497,0.0818896
82,EVA,50,15,16,4e+09,185.313,9,1,185.074,2,OTFS (MRC),0.07434895833,0.2489583333,1,0,0,27.67283839,11,15.40748638,12.1282,0.01616125
82,EVA,50,15,16,4e+09,185.313,9,1,185.074,2,ODDM (LMMSE),0.1002604167,0.3432291667,1,0,0,37.50524506,8,9.284875674,69.43795,0.0796746
83,EVA,50,20,4,4e+09,185.313,9,1,185.074,2,OTFS (MRC),0,0,0,900000,1.875,0,15,160,9.9922,0.01423785
83,EVA,50,20,4,4e+09,185.313,9,1,185.074,2,ODDM (LMMSE),0,0,0,898245.614,1.871345029,0,15,160,69.9239,0.0797828
84,EVA,50,20,16,4e+09,185.313,9,1,185.074,2,OTFS (MRC),0.02278645833,0.0859375,0.5,900000,1.875,13.59246363,12,85.65671825,12.79245,0.0162533
84,EVA,50,20,16,4e+09,185.313,9,1,185.074,2,ODDM (LMMSE),0.0453125,0.1651041667,0.5,898245.614,1.871345029,19.16764588,11.5,84.16401227,69.2293,0.0799233
85,EVA,150,-5,4,4e+09,555.94,9,1,555.223,2,OTFS (MRC),0.3739583333,0.6104166667,1,0,0,122.1323729,3,-1.724365279,18.2965,0.0233363
85,EVA,150,-5,4,4e+09,555.94,9,1,555.223,2,ODDM (LMMSE),0.284375,0.4880208333,1,0,0,106.5026738,3,-0.5348714294,73.75365,0.0850137
86,EVA,150,-5,16,4e+09,555.94,9,1,555.223,2,OTFS (MRC),0.4255208333,0.8796875,1,0,0,128.5709385,2.5,-2.175548844,20.49005,0.0256392
86,EVA,150,-5,16,4e+09,555.94,9,1,555.223,2,ODDM (LMMSE),0.4072916667,0.9067708333,1,0,0,93.08887411,4,0.6220454789,73.43005,0.0855707
87,EVA,150,0,4,4e+09,555.94,9,1,555.223,2,OTFS (MRC),0.2833333333,0.4838541667,1,0,0,105.9467665,3.5,-0.459524962,19.4615,0.0242873
87,EVA,150,0,4,4e+09,555.94,9,1,555.223,2,ODDM (LMMSE),0.1809895833,0.3276041667,1,0,0,85.05557035,4,1.409027457,79.8773,0.09324915
88,EVA,150,0,16,4e+09,555.94,9,1,555.223,2,OTFS (MRC),0.360546875,0.815625,1,0,0,103.0768663,3.5,-0.2380568278,24.0209,0.0295808
88,EVA,150,0,16,4e+09,555.94,9,1,555.223,2,ODDM (LMMSE),0.362890625,0.8885416667,1,0,0,83.48558404,4,1.56787872,78.95635,0.09364525
89,EVA,150,5,4,4e+09,555.94,9,1,555.223,2,OTFS (MRC),0.1619791667,0.2963541667,1,0,0,78.53650333,5,2.323397512,15.88225,0.0213308
89,EVA,150,5,4,4e+09,555.94,9,1,555.223,2,ODDM (LMMSE),0.075,0.1447916667,1,0,0,54.76399824,6,5.23140703,78.5262,0.09156825
90,EVA,150,5,16,4e+09,555.94,9,1,555.223,2,OTFS (MRC),0.2615885417,0.7057291667,1,0,0,74.78433426,4.5,2.587042556,17.16995,0.0220004
90,EVA,150,5,16,4e+09,555.94,9,1,555.223,2,ODDM (LMMSE),0.321875,0.8614583333,1,0,0,74.42927128,5,2.565770789,76.85075,0.08977675
91,EVA,150,10,4,4e+09,555.94,9,1,555.223,2,OTFS (MRC),0.05104166667,0.09739583333,1,0,0,39.32738097,8,9.781415255,18.8721,0.02395095
91,EVA,150,10,4,4e+09,555.94,9,1,555.223,2,ODDM (LMMSE),0.0140625,0.028125,1,0,0,23.09102758,10,12.97663304,85.3869,0.09851925
92,EVA,150,10,16,4e+09,555.94,9,1,555.223,2,OTFS (MRC),0.1518229167,0.490625,1,0,0,50.88040594,6.5,5.947396735,17.6219,0.0226578
92,EVA,150,10,16,4e+09,555.94,9,1,555.223,2,ODDM (LMMSE),0.27265625,0.8015625,1,0,0,66.61499018,5,3.529331589,80.51565,0.0947456
93,EVA,150,15,4,4e+09,555.94,9,1,555.223,2,OTFS (MRC),0.007552083333,0.01510416667,0.5,450000,0.9375,12.289901,12.5,86.0942162,14.2945,0.01916935
93,EVA,150,15,4,4e+09,555.94,9,1,555.223,2,ODDM (LMMSE),0.0015625,0.003125,0.5,449122.807,0.9356725146,5.590169944,14,89.51544993,81.1774,0.09460515
94,EVA,150,15,16,4e+09,555.94,9,1,555.223,2,OTFS (MRC),0.04596354167,0.1713541667,1,0,0,26.3807335,9.5,11.92256332,18.746,0.0236643
94,EVA,150,15,16,4e+09,555.94,9,1,555.223,2,ODDM (LMMSE),0.1388020833,0.4791666667,1,0,0,47.40256633,7,6.491393619,79.0668,0.09182225
95,EVA,150,20,4,4e+09,555.94,9,1,555.223,2,OTFS (MRC),0,0,0,900000,1.875,0,15,160,16.4049,0.02125795
95,EVA,150,20,4,4e+09,555.94,9,1,555.223,2,ODDM (LMMSE),0,0,0,898245.614,1.871345029,0,15,160,79.87135,0.0924834
96,EVA,150,20,16,4e+09,555.94,9,1,555.223,2,OTFS (MRC),0.005989583333,0.02395833333,1,0,0,7.920130753,13.5,25.47775441,14.01985,0.0190112
96,EVA,150,20,16,4e+09,555.94,9,1,555.223,2,ODDM (LMMSE),0.02734375,0.1052083333,1,0,0,20.26235854,11,14.22836705,79.70655,0.09246055
97,EVA,250,-5,4,4e+09,926.567,9,1,925.371,2,OTFS (MRC),0.3291666667,0.5494791667,1,0,0,114.5591796,3,-1.166391057,15.328,0.0200691
97,EVA,250,-5,4,4e+09,926.567,9,1,925.371,2,ODDM (LMMSE),0.2700520833,0.4661458333,1,0,0,103.9063671,3,-0.3306100536,77.72785,0.0912286
98,EVA,250,-5,16,4e+09,926.567,9,1,925.371,2,OTFS (MRC),0.4110677083,0.8651041667,1,0,0,122.5603366,2.5,-1.749235884,16.55765,0.0215656
98,EVA,250,-5,16,4e+09,926.567,9,1,925.371,2,ODDM (LMMSE),0.4048177083,0.9171875,1,0,0,91.98706009,4,0.7271747381,77.8593,0.09072085
99,EVA,250,0,4,4e+09,926.567,9,1,925.371,2,OTFS (MRC),0.2325520833,0.4041666667,1,0,0,95.59365583,3.5,0.4700373641,16.7924,0.02186385
99,EVA,250,0,4,4e+09,926.567,9,1,925.371,2,ODDM (LMMSE),0.1635416667,0.2942708333,1,0,0,80.62216069,4.5,1.898885821,78.65455,0.09119365
100,EVA,250,0,16,4e+09,926.567,9,1,925.371,2,OTFS (MRC),0.3315104167,0.7828125,1,0,0,95.25291911,3.5,0.47425778,22.60235,0.02788065
100,EVA,250,0,16,4e+09,926.567,9,1,925.371,2,ODDM (LMMSE),0.362109375,0.8911458333,1,0,0,83.29342791,4,1.592096645,80.70205,0.09434615
101,EVA,250,5,4,4e+09,926.567,9,1,925.371,2,OTFS (MRC),0.1130208333,0.2067708333,1,0,0,63.41781493,5.5,4.531113752,17.0884,0.0235796
101,EVA,250,5,4,4e+09,926.567,9,1,925.371,2,ODDM (LMMSE),0.06770833333,0.1296875,1,0,0,50.60471893,6.5,6.173811609,82.8872,0.0984218
102,EVA,250,5,16,4e+09,926.567,9,1,925.371,2,OTFS (MRC),0.2240885417,0.6395833333,1,0,0,66.46284446,5.5,3.630067222,15.04795,0.0207791
102,EVA,250,5,16,4e+09,926.567,9,1,925.371,2,ODDM (LMMSE),0.3184895833,0.8578125,1,0,0,73.84602316,5,2.635724852,80.00455,0.0924989
103,EVA,250,10,4,4e+09,926.567,9,1,925.371,2,OTFS (MRC),0.02317708333,0.04427083333,1,0,0,24.51421908,11,15.60966613,18.7849,0.02382255
103,EVA,250,10,4,4e+09,926.567,9,1,925.371,2,ODDM (LMMSE),0.01380208333,0.02604166667,1,0,0,20.53959591,10.5,15.35113202,80.4659,0.0933683
104,EVA,250,10,16,4e+09,926.567,9,1,925.371,2,OTFS (MRC),0.109765625,0.3729166667,1,0,0,42.70072745,7.5,7.542044376,21.1952,0.0268102
104,EVA,250,10,16,4e+09,926.567,9,1,925.371,2,ODDM (LMMSE),0.2544270833,0.7609375,1,0,0,64.28211168,5.5,3.853747981,79.9675,0.0927728
105,EVA,250,15,4,4e+09,926.567,9,1,925.371,2,OTFS (MRC),0.001302083333,0.002604166667,0.5,450000,0.9375,5.103103631,14,89.91135617,12.66465,0.0179616
105,EVA,250,15,4,4e+09,926.567,9,1,925.371,2,ODDM (LMMSE),0.0005208333333,0.001041666667,0.5,449122.807,0.9356725146,3.227486122,15,91.90105621,80.37735,0.09396805
106,EVA,250,15,16,4e+09,926.567,9,1,925.371,2,OTFS (MRC),0.02994791667,0.1119791667,1,0,0,20.27049946,10.5,14.73474114,18.1371,0.02438865
106,EVA,250,15,16,4e+09,926.567,9,1,925.371,2,ODDM (LMMSE),0.11640625,0.4125,1,0,0,42.95255866,7.5,7.442028772,79.42805,0.091833
107,EVA,250,20,4,4e+09,926.567,9,1,925.371,2,OTFS (MRC),0,0,0,900000,1.875,0,15,160,12.77225,0.0180883
107,EVA,250,20,4,4e+09,926.567,9,1,925.371,2,ODDM (LMMSE),0,0,0,898245.614,1.871345029,0,15,160,81.8579,0.09468715
108,EVA,250,20,16,4e+09,926.567,9,1,925.371,2,OTFS (MRC),0.003255208333,0.01302083333,0.5,900000,1.875,5.137468353,14,89.88220845,13.313,0.01848145
108,EVA,250,20,16,4e+09,926.567,9,1,925.371,2,ODDM (LMMSE),0.0140625,0.0546875,1,0,0,13.71945061,12,18.28548219,83.14265,0.0971974
109,EVA,350,-5,4,4e+09,1297.19,9,1,1295.52,2,OTFS (MRC),0.3450520833,0.5640625,1,0,0,117.2127113,3,-1.359449939,14.57585,0.02055815
109,EVA,350,-5,4,4e+09,1297.19,9,1,1295.52,2,ODDM (LMMSE),0.29921875,0.5067708333,1,0,0,109.2287241,3,-0.7529427975,82.41305,0.09670255
110,EVA,350,-5,16,4e+09,1297.19,9,1,1295.52,2,OTFS (MRC),0.4111979167,0.8645833333,1,0,0,122.117113,2.5,-1.713709025,20.0982,0.02566815
110,EVA,350,-5,16,4e+09,1297.19,9,1,1295.52,2,ODDM (LMMSE),0.40703125,0.9119791667,1,0,0,91.98120675,4,0.7271963897,79.10325,0.0922415
111,EVA,350,0,4,4e+09,1297.19,9,1,1295.52,2,OTFS (MRC),0.2486979167,0.4296875,1,0,0,98.7551843,3.5,0.1966677233,17.95135,0.02406225
111,EVA,350,0,4,4e+09,1297.19,9,1,1295.52,2,ODDM (LMMSE),0.1934895833,0.346875,1,0,0,87.3539539,3.5,1.236757246,80.77535,0.09380515
112,EVA,350,0,16,4e+09,1297.19,9,1,1295.52,2,OTFS (MRC),0.3279947917,0.790625,1,0,0,93.2352894,3.5,0.6679599324,17.5448,0.0229447
112,EVA,350,0,16,4e+09,1297.19,9,1,1295.52,2,ODDM (LMMSE),0.3638020833,0.8963541667,1,0,0,82.34502599,4,1.688143774,78.81605,0.09164215
113,EVA,350,5,4,4e+09,1297.19,9,1,1295.52,2,OTFS (MRC),0.1270833333,0.2375,1,0,0,67.71895024,5.5,3.884488394,16.76075,0.0216069
113,EVA,350,5,4,4e+09,1297.19,9,1,1295.52,2,ODDM (LMMSE),0.07473958333,0.1416666667,1,0,0,53.24722836,6,5.717110712,79.024,0.09249875
114,EVA,350,5,16,4e+09,1297.19,9,1,1295.52,2,OTFS (MRC),0.21875,0.6432291667,1,0,0,65.28290265,5.5,3.781259259,23.16085,0.0288778
114,EVA,350,5,16,4e+09,1297.19,9,1,1295.52,2,ODDM (LMMSE),0.323828125,0.8682291667,1,0,0,74.16334415,5,2.59638816,78.5611,0.09179385
115,EVA,350,10,4,4e+09,1297.19,9,1,1295.52,2,OTFS (MRC),0.0359375,0.0703125,1,0,0,31.81039115,9.5,12.31878647,15.51495,0.02101485
115,EVA,350,10,4,4e+09,1297.19,9,1,1295.52,2,ODDM (LMMSE),0.015625,0.03072916667,1,0,0,20.6080308,11.5,16.49012243,79.51185,0.0925954
116,EVA,350,10,16,4e+09,1297.19,9,1,1295.52,2,OTFS (MRC),0.1052083333,0.3609375,1,0,0,41.61019347,7.5,7.788910716,19.80095,0.02535365
116,EVA,350,10,16,4e+09,1297.19,9,1,1295.52,2,ODDM (LMMSE),0.2619791667,0.7734375,1,0,0,65.23287214,5,3.725082224,78.05215,0.0904404
117,EVA,350,15,4,4e+09,1297.19,9,1,1295.52,2,OTFS (MRC),0.003125,0.00625,0.5,450000,0.9375,7.90569415,13,88.01029996,13.47045,0.0184158
117,EVA,350,15,4,4e+09,1297.19,9,1,1295.52,2,ODDM (LMMSE),0.001302083333,0.002604166667,0.5,449122.807,0.9356725146,5.103103631,14,89.91135617,84.892,0.0983588
118,EVA,350,15,16,4e+09,1297.19,9,1,1295.52,2,OTFS (MRC),0.02356770833,0.0890625,1,0,0,18.14638025,11.5,15.58456967,18.7991,0.02401795
118,EVA,350,15,16,4e+09,1297.19,9,1,1295.52,2,ODDM (LMMSE),0.1208333333,0.41875,1,0,0,43.78441686,7.5,7.270703379,83.9244,0.0973715
119,EVA,350,20,4,4e+09,1297.19,9,1,1295.52,2,OTFS (MRC),0,0,0,900000,1.875,0,15,160,14.64675,0.02004205
119,EVA,350,20,4,4e+09,1297.19,9,1,1295.52,2,ODDM (LMMSE),0,0,0,898245.614,1.871345029,0,15,160,81.297,0.093945
120,EVA,350,20,16,4e+09,1297.19,9,1,1295.52,2,OTFS (MRC),0.003125,0.0125,0.5,900000,1.875,5.033670414,14,89.97085228,15.17345,0.02043445
120,EVA,350,20,16,4e+09,1297.19,9,1,1295.52,2,ODDM (LMMSE),0.010546875,0.0421875,1,0,0,12.25492745,12.5,18.88280279,79.4783,0.0925663
121,ETU,0,-5,4,4e+09,0,9,2,0,2,OTFS (MRC),0.3308189655,0.5495689655,1,0,0,114.7364432,3,-1.171434476,18.85065,0.02211865
121,ETU,0,-5,4,4e+09,0,9,2,0,2,ODDM (LMMSE),0.333512931,0.5474137931,1,0,0,115.1800028,3,-1.203221274,75.5776,0.0935987
122,ETU,0,-5,16,4e+09,0,9,2,0,2,OTFS (MRC),0.4073275862,0.8674568966,1,0,0,117.5711636,3,-1.398728927,23.38465,0.0260914
122,ETU,0,-5,16,4e+09,0,9,2,0,2,ODDM (LMMSE),0.41015625,0.9148706897,1,0,0,92.76662042,4,0.6533305582,77.2949,0.09503585
123,ETU,0,0,4,4e+09,0,9,2,0,2,OTFS (MRC),0.2327586207,0.4014008621,1,0,0,95.53607795,3.5,0.4847114468,21.63565,0.0243286
123,ETU,0,0,4,4e+09,0,9,2,0,2,ODDM (LMMSE),0.2246767241,0.3938577586,1,0,0,93.68581081,3.5,0.6717157127,72.82245,0.08958105
124,ETU,0,0,16,4e+09,0,9,2,0,2,OTFS (MRC),0.3221982759,0.7715517241,1,0,0,88.47895554,4,1.099315622,23.4284,0.02624045
124,ETU,0,0,16,4e+09,0,9,2,0,2,ODDM (LMMSE),0.3638200431,0.8954741379,1,0,0,82.61298706,4,1.661708693,74.8866,0.09225935
125,ETU,0,5,4,4e+09,0,9,2,0,2,OTFS (MRC),0.1177262931,0.2106681034,1,0,0,64.19228831,5.5,4.519488082,17.5453,0.0200908
125,ETU,0,5,4,4e+09,0,9,2,0,2,ODDM (LMMSE),0.1061422414,0.1923491379,1,0,0,59.76208743,6,5.380028563,75.96475,0.0931866
126,ETU,0,5,16,4e+09,0,9,2,0,2,OTFS (MRC),0.2048760776,0.6066810345,1,0,0,61.0499137,5.5,4.356851135,44.2206,0.0474252
126,ETU,0,5,16,4e+09,0,9,2,0,2,ODDM (LMMSE),0.322737069,0.8679956897,1,0,0,74.02259496,4.5,2.620778909,86.8217,0.10700945
127,ETU,0,10,4,4e+09,0,9,2,0,2,OTFS (MRC),0.03987068966,0.07489224138,1,0,0,31.32972717,10.5,14.33826555,13.2501,0.01621825
127,ETU,0,10,4,4e+09,0,9,2,0,2,ODDM (LMMSE),0.03933189655,0.07650862069,1,0,0,30.27204145,10.5,15.85833979,78.51085,0.09917575
128,ETU,0,10,16,4e+09,0,9,2,0,2,OTFS (MRC),0.1025053879,0.359375,1,0,0,40.34501834,7.5,8.088059299,24.02285,0.02705675
128,ETU,0,10,16,4e+09,0,9,2,0,2,ODDM (LMMSE),0.2716864224,0.796875,1,0,0,66.51278853,5,3.5517765,74.9549,0.09264805
129,ETU,0,15,4,4e+09,0,9,2,0,2,OTFS (MRC),0.0002693965517,0.0005387931034,0.5,435000,0.90625,2.321191727,15,93.3325899,18.2693,0.0210401
129,ETU,0,15,4,4e+09,0,9,2,0,2,ODDM (LMMSE),0.008351293103,0.01670258621,0.5,433729.3087,0.9036027264,12.92384858,12.5,85.87578143,73.0712,0.0909298
130,ETU,0,15,16,4e+09,0,9,2,0,2,OTFS (MRC),0.03448275862,0.1276939655,1,0,0,20.34309277,11,15.78607254,21.03295,0.02365395
130,ETU,0,15,16,4e+09,0,9,2,0,2,ODDM (LMMSE),0.1103178879,0.380387931,1,0,0,40.44783144,7.5,8.290693385,74.25545,0.0921782
131,ETU,0,20,4,4e+09,0,9,2,0,2,OTFS (MRC),0,0,0,870000,1.8125,0,15,160,13.01645,0.01552175
131,ETU,0,20,4,4e+09,0,9,2,0,2,ODDM (LMMSE),0.0002693965517,0.0005387931034,0.5,433729.3087,0.9036027264,2.321191727,15,93.3325899,72.08305,0.08892005
132,ETU,0,20,16,4e+09,0,9,2,0,2,OTFS (MRC),0.004040948276,0.0161637931,0.5,870000,1.8125,5.725357655,14,89.41167383,26.42095,0.0310508
132,ETU,0,20,16,4e+09,0,9,2,0,2,ODDM (LMMSE),0.009024784483,0.03609913793,0.5,867458.6173,1.807205453,8.556169818,13,87.66690609,73.4426,0.09040175
133,ETU,50,-5,4,4e+09,185.313,9,2,184.987,2,OTFS (MRC),0.3480603448,0.5619612069,1,0,0,117.7179803,3,-1.396471489,18.9899,0.023078
133,ETU,50,-5,4,4e+09,185.313,9,2,184.987,2,ODDM (LMMSE),0.3356681034,0.5711206897,1,0,0,115.725151,3,-1.257380908,74.6545,0.0924009
134,ETU,50,-5,16,4e+09,185.313,9,2,184.987,2,OTFS (MRC),0.3811961207,0.8345905172,1,0,0,109.4818198,3,-0.75578325,21.3483,0.025752
134,ETU,50,-5,16,4e+09,185.313,9,2,184.987,2,ODDM (LMMSE),0.3922413793,0.9046336207,1,0,0,88.78692814,4,1.038663365,71.26065,0.0887933
135,ETU,50,0,4,4e+09,185.313,9,2,184.987,2,OTFS (MRC),0.2510775862,0.4294181034,1,0,0,99.03393836,3.5,0.1898195453,18.1077,0.0227541
135,ETU,50,0,4,4e+09,185.313,9,2,184.987,2,ODDM (LMMSE),0.2362607759,0.4137931034,1,0,0,96.38153639,3.5,0.396067612,74.01245,0.09162075
136,ETU,50,0,16,4e+09,185.313,9,2,184.987,2,OTFS (MRC),0.2799030172,0.7279094828,1,0,0,78.14219687,4.5,2.201442593,20.65405,0.0253315
136,ETU,50,0,16,4e+09,185.313,9,2,184.987,2,ODDM (LMMSE),0.3460398707,0.8884698276,1,0,0,78.54877799,4.5,2.102827862,71.58015,0.0885644
137,ETU,50,5,4,4e+09,185.313,9,2,184.987,2,OTFS (MRC),0.1260775862,0.2306034483,1,0,0,65.96504396,5.5,4.365580027,14.9268,0.01947145
137,ETU,50,5,4,4e+09,185.313,9,2,184.987,2,ODDM (LMMSE),0.1293103448,0.2338362069,1,0,0,68.62691408,5.5,3.719286931,72.43705,0.08998855
138,ETU,50,5,16,4e+09,185.313,9,2,184.987,2,OTFS (MRC),0.1647359914,0.5371767241,1,0,0,52.89067141,6.5,5.57640289,25.0618,0.0300454
138,ETU,50,5,16,4e+09,185.313,9,2,184.987,2,ODDM (LMMSE),0.3030711207,0.849137931,1,0,0,70.74737411,5,3.00887516,74.5299,0.0928672
139,ETU,50,10,4,4e+09,185.313,9,2,184.987,2,OTFS (MRC),0.04229525862,0.07974137931,0.5,435000,0.90625,29.08444898,10.5,82.35309164,15.7771,0.01978865
139,ETU,50,10,4,4e+09,185.313,9,2,184.987,2,ODDM (LMMSE),0.04660560345,0.08728448276,1,0,0,36.04775943,9,11.33914917,74.4278,0.0923002
140,ETU,50,10,16,4e+09,185.313,9,2,184.987,2,OTFS (MRC),0.05280172414,0.1955818966,1,0,0,28.27117141,9,11.29669317,26.687,0.0309995
140,ETU,50,10,16,4e+09,185.313,9,2,184.987,2,ODDM (LMMSE),0.2140355603,0.6734913793,1,0,0,58.54547727,5.5,4.707389838,71.5076,0.08812095
141,ETU,50,15,4,4e+09,185.313,9,2,184.987,2,OTFS (MRC),0.002963362069,0.005926724138,0.5,435000,0.90625,7.698522026,13,88.12562648,13.49255,0.01928485
141,ETU,50,15,4,4e+09,185.313,9,2,184.987,2,ODDM (LMMSE),0.007543103448,0.0150862069,0.5,433729.3087,0.9036027264,12.28259211,12.5,86.09679975,73.93925,0.09077405
142,ETU,50,15,16,4e+09,185.313,9,2,184.987,2,OTFS (MRC),0.004175646552,0.01670258621,1,0,0,6.770660168,14,26.20895393,24.10725,0.0284393
142,ETU,50,15,16,4e+09,185.313,9,2,184.987,2,ODDM (LMMSE),0.04808728448,0.1804956897,1,0,0,26.22003596,9.5,12.2561208,74.2998,0.09232
143,ETU,50,20,4,4e+09,185.313,9,2,184.987,2,OTFS (MRC),0,0,0,870000,1.8125,0,15,160,16.50685,0.02136135
143,ETU,50,20,4,4e+09,185.313,9,2,184.987,2,ODDM (LMMSE),0,0,0,867458.6173,1.807205453,0,15,160,76.27505,0.09385055
144,ETU,50,20,16,4e+09,185.313,9,2,184.987,2,OTFS (MRC),0,0,0,1740000,3.625,0,15,160,13.0096,0.01867635
144,ETU,50,20,16,4e+09,185.313,9,2,184.987,2,ODDM (LMMSE),0.0001346982759,0.0005387931034,0.5,867458.6173,1.807205453,1.045302513,15,96.7972801,74.6663,0.09209525
145,ETU,150,-5,4,4e+09,555.94,9,2,554.96,2,OTFS (MRC),0.3626077586,0.6002155172,1,0,0,120.4326456,3,-1.614798235,19.3431,0.02548645
145,ETU,150,-5,4,4e+09,555.94,9,2,554.96,2,ODDM (LMMSE),0.3238146552,0.5436422414,1,0,0,113.8069085,3,-1.123180124,70.9225,0.0886623
146,ETU,150,-5,16,4e+09,555.94,9,2,554.96,2,OTFS (MRC),0.3898168103,0.8426724138,1,0,0,114.725621,2.5,-1.10353719,22.2735,0.0281196
146,ETU,150,-5,16,4e+09,555.94,9,2,554.96,2,ODDM (LMMSE),0.4051724138,0.9186422414,1,0,0,90.66710453,4,0.8652152772,74.5854,0.09200585
147,ETU,150,0,4,4e+09,555.94,9,2,554.96,2,OTFS (MRC),0.2645474138,0.46875,1,0,0,102.8529255,3,-0.2430304642,21.0251,0.0274116
147,ETU,150,0,4,4e+09,555.94,9,2,554.96,2,ODDM (LMMSE),0.2265625,0.3987068966,1,0,0,95.19108921,4,0.4286284183,73.75595,0.0920574
148,ETU,150,0,16,4e+09,555.94,9,2,554.96,2,OTFS (MRC),0.3028017241,0.7473060345,1,0,0,87.46259649,4,1.410504111,17.9611,0.0231848
148,ETU,150,0,16,4e+09,555.94,9,2,554.96,2,ODDM (LMMSE),0.3626077586,0.9014008621,1,0,0,82.17432407,4,1.725000519,73.58735,0.09104065
149,ETU,150,5,4,4e+09,555.94,9,2,554.96,2,OTFS (MRC),0.1293103448,0.2419181034,1,0,0,71.87948432,5,2.872739887,14.6541,0.0194988
149,ETU,150,5,4,4e+09,555.94,9,2,554.96,2,ODDM (LMMSE),0.1174568966,0.2139008621,1,0,0,68.54378999,5,3.280660562,74.7292,0.0932106
150,ETU,150,5,16,4e+09,555.94,9,2,554.96,2,OTFS (MRC),0.1980064655,0.5721982759,1,0,0,60.96025269,5.5,4.659653792,21.9352,0.02750955
150,ETU,150,5,16,4e+09,555.94,9,2,554.96,2,ODDM (LMMSE),0.3143857759,0.8658405172,1,0,0,73.2484633,4.5,2.723214221,72.496,0.08972225
151,ETU,150,10,4,4e+09,555.94,9,2,554.96,2,OTFS (MRC),0.02235991379,0.04471982759,1,0,0,29.7475354,8.5,10.57776008,17.5766,0.0223098
151,ETU,150,10,4,4e+09,555.94,9,2,554.96,2,ODDM (LMMSE),0.0307112069,0.05980603448,1,0,0,35.02761778,8,9.117151282,75.6913,0.0925844
152,ETU,150,10,16,4e+09,555.94,9,2,554.96,2,OTFS (MRC),0.09832974138,0.328125,1,0,0,37.79440602,8,9.270581346,18.06875,0.0233153
152,ETU,150,10,16,4e+09,555.94,9,2,554.96,2,ODDM (LMMSE),0.2311422414,0.7025862069,1,0,0,60.86292265,5.5,4.434837191,71.50235,0.08851045
153,ETU,150,15,4,4e+09,555.94,9,2,554.96,2,OTFS (MRC),0,0,0,870000,1.8125,0,15,160,16.18565,0.0215373
153,ETU,150,15,4,4e+09,555.94,9,2,554.96,2,ODDM (LMMSE),0.001346982759,0.002693965517,1,0,0,6.963575182,14,23.65487985,73.1052,0.0898709
154,ETU,150,15,16,4e+09,555.94,9,2,554.96,2,OTFS (MRC),0.03192349138,0.1163793103,1,0,0,17.10354441,11.5,21.73000019,22.78825,0.0283349
154,ETU,150,15,16,4e+09,555.94,9,2,554.96,2,ODDM (LMMSE),0.1173221983,0.3820043103,1,0,0,39.41379433,8,9.211392924,74.7605,0.09195355
155,ETU,150,20,4,4e+09,555.94,9,2,554.96,2,OTFS (MRC),0,0,0,870000,1.8125,0,15,160,16.2271,0.0212864
155,ETU,150,20,4,4e+09,555.94,9,2,554.96,2,ODDM (LMMSE),0,0,0,867458.6173,1.807205453,0,15,160,74.6165,0.0922424
156,ETU,150,20,16,4e+09,555.94,9,2,554.96,2,OTFS (MRC),0.001077586207,0.004310344828,0.5,870000,1.8125,2.95656198,15,92.28183017,18.9543,0.0248297
156,ETU,150,20,16,4e+09,555.94,9,2,554.96,2,ODDM (LMMSE),0.04391163793,0.1670258621,0.5,867458.6173,1.807205453,18.87342824,11.5,84.2311921,76.5129,0.0950578
157,ETU,250,-5,4,4e+09,926.567,9,2,924.934,2,OTFS (MRC),0.3626077586,0.5862068966,1,0,0,120.433809,3,-1.614966042,23.8118,0.029407
157,ETU,250,-5,4,4e+09,926.567,9,2,924.934,2,ODDM (LMMSE),0.3081896552,0.521012931,1,0,0,111.0159157,3,-0.9066290763,70.67085,0.0888686
158,ETU,250,-5,16,4e+09,926.567,9,2,924.934,2,OTFS (MRC),0.3973599138,0.8620689655,1,0,0,115.4687833,3,-1.204357283,18.6345,0.0238213
158,ETU,250,-5,16,4e+09,926.567,9,2,924.934,2,ODDM (LMMSE),0.3911637931,0.8987068966,1,0,0,89.02845101,4,1.020252834,74.096,0.0923454
159,ETU,250,0,4,4e+09,926.567,9,2,924.934,2,OTFS (MRC),0.2728987069,0.4719827586,1,0,0,104.4288414,3,-0.3721996209,24.49165,0.0303734
159,ETU,250,0,4,4e+09,926.567,9,2,924.934,2,ODDM (LMMSE),0.2125538793,0.3846982759,1,0,0,92.1187711,4,0.7213808408,73.00885,0.0901257
160,ETU,250,0,16,4e+09,926.567,9,2,924.934,2,OTFS (MRC),0.3095366379,0.775862069,1,0,0,86.12206532,4,1.401272639,22.0478,0.0276983
160,ETU,250,0,16,4e+09,926.567,9,2,924.934,2,ODDM (LMMSE),0.3499461207,0.8787715517,1,0,0,79.99836721,4,1.949483763,73.19555,0.09044175
161,ETU,250,5,4,4e+09,926.567,9,2,924.934,2,OTFS (MRC),0.1403556034,0.260237069,1,0,0,74.37898649,4.5,2.635841243,18.08465,0.02312435
161,ETU,250,5,4,4e+09,926.567,9,2,924.934,2,ODDM (LMMSE),0.1045258621,0.1998922414,1,0,0,64.23827851,5.5,3.901838725,73.0773,0.09065925
162,ETU,250,5,16,4e+09,926.567,9,2,924.934,2,OTFS (MRC),0.1870959052,0.5748922414,1,0,0,57.66747146,6,4.906553743,16.3707,0.0220411
162,ETU,250,5,16,4e+09,926.567,9,2,924.934,2,ODDM (LMMSE),0.3094019397,0.838362069,1,0,0,72.36834286,4.5,2.820764064,73.05795,0.09093855
163,ETU,250,10,4,4e+09,926.567,9,2,924.934,2,OTFS (MRC),0.02828663793,0.05603448276,1,0,0,33.03019622,8,9.785947624,23.3975,0.0289237
163,ETU,250,10,4,4e+09,926.567,9,2,924.934,2,ODDM (LMMSE),0.02532327586,0.05010775862,1,0,0,31.34773674,9,10.21166859,74.8312,0.09195105
164,ETU,250,10,16,4e+09,926.567,9,2,924.934,2,OTFS (MRC),0.08270474138,0.2909482759,1,0,0,35.01367091,8.5,9.632601754,23.4755,0.02929395
164,ETU,250,10,16,4e+09,926.567,9,2,924.934,2,ODDM (LMMSE),0.2238685345,0.6778017241,1,0,0,59.88972446,5.5,4.529539127,73.6394,0.09136815
165,ETU,250,15,4,4e+09,926.567,9,2,924.934,2,OTFS (MRC),0.0005387931034,0.001077586207,0.5,435000,0.90625,3.282660821,15,91.82743992,13.67125,0.01982645
165,ETU,250,15,4,4e+09,926.567,9,2,924.934,2,ODDM (LMMSE),0.00161637931,0.003232758621,1,0,0,7.511534218,14,23.17032978,76.5971,0.0937113
166,ETU,250,15,16,4e+09,926.567,9,2,924.934,2,OTFS (MRC),0.01414331897,0.05603448276,1,0,0,11.70533833,12.5,23.5093935,21.3602,0.02664935
166,ETU,250,15,16,4e+09,926.567,9,2,924.934,2,ODDM (LMMSE),0.09105603448,0.3130387931,1,0,0,35.0490309,8.5,10.08952817,74.711,0.09121635
167,ETU,250,20,4,4e+09,926.567,9,2,924.934,2,OTFS (MRC),0,0,0,870000,1.8125,0,15,160,17.23465,0.02293385
167,ETU,250,20,4,4e+09,926.567,9,2,924.934,2,ODDM (LMMSE),0,0,0,867458.6173,1.807205453,0,15,160,75.005,0.09364695
168,ETU,250,20,16,4e+09,926.567,9,2,924.934,2,OTFS (MRC),0.0001346982759,0.0005387931034,0.5,870000,1.8125,1.045302513,15,96.7972801,20.3014,0.02671975
168,ETU,250,20,16,4e+09,926.567,9,2,924.934,2,ODDM (LMMSE),0.02411099138,0.09267241379,0.5,867458.6173,1.807205453,13.98519447,12,85.53301495,81.95445,0.10032015
169,ETU,350,-5,4,4e+09,1297.19,9,2,1294.91,2,OTFS (MRC),0.3580280172,0.5910560345,1,0,0,119.6328359,3,-1.554244104,22.1579,0.02827025
169,ETU,350,-5,4,4e+09,1297.19,9,2,1294.91,2,ODDM (LMMSE),0.2982219828,0.5113146552,1,0,0,109.2191305,3,-0.7659521466,73.37,0.09073935
170,ETU,350,-5,16,4e+09,1297.19,9,2,1294.91,2,OTFS (MRC),0.4220096983,0.8825431034,1,0,0,125.3981781,3,-1.964994045,27.95935,0.03305925
170,ETU,350,-5,16,4e+09,1297.19,9,2,1294.91,2,ODDM (LMMSE),0.4000538793,0.9046336207,1,0,0,90.59459158,4,0.8606183754,83.2369,0.10277775
171,ETU,350,0,4,4e+09,1297.19,9,2,1294.91,2,OTFS (MRC),0.2580818966,0.4525862069,1,0,0,101.496074,3.5,-0.1197749236,21.22325,0.0279307
171,ETU,350,0,4,4e+09,1297.19,9,2,1294.91,2,ODDM (LMMSE),0.192887931,0.3496767241,1,0,0,87.83381875,4,1.127179901,84.83585,0.1069774
172,ETU,350,0,16,4e+09,1297.19,9,2,1294.91,2,OTFS (MRC),0.3510237069,0.8125,1,0,0,97.35951355,3.5,0.2328995564,16.67345,0.02311835
172,ETU,350,0,16,4e+09,1297.19,9,2,1294.91,2,ODDM (LMMSE),0.3627424569,0.8890086207,1,0,0,82.92801635,4,1.628817223,90.81365,0.1098071
173,ETU,350,5,4,4e+09,1297.19,9,2,1294.91,2,OTFS (MRC),0.1266163793,0.2392241379,1,0,0,70.87935574,4.5,3.024994415,18.9349,0.0250848
173,ETU,350,5,4,4e+09,1297.19,9,2,1294.91,2,ODDM (LMMSE),0.08351293103,0.1627155172,1,0,0,57.79450116,6,4.762676431,75.34175,0.09307845
174,ETU,350,5,16,4e+09,1297.19,9,2,1294.91,2,OTFS (MRC),0.234375,0.6702586207,1,0,0,67.18562318,5,3.455389213,14.63195,0.02017555
174,ETU,350,5,16,4e+09,1297.19,9,2,1294.91,2,ODDM (LMMSE),0.3216594828,0.8582974138,1,0,0,74.50153716,5,2.556867676,70.29005,0.08758515
175,ETU,350,10,4,4e+09,1297.19,9,2,1294.91,2,OTFS (MRC),0.01966594828,0.03933189655,1,0,0,27.27921583,9,11.53865048,14.5485,0.0197787
175,ETU,350,10,4,4e+09,1297.19,9,2,1294.91,2,ODDM (LMMSE),0.01670258621,0.03286637931,1,0,0,25.79362147,9.5,11.78802076,71.7457,0.08990555
176,ETU,350,10,16,4e+09,1297.19,9,2,1294.91,2,OTFS (MRC),0.1260775862,0.4482758621,1,0,0,45.2749693,7,6.882841646,27.70605,0.0333194
176,ETU,350,10,16,4e+09,1297.19,9,2,1294.91,2,ODDM (LMMSE),0.2561961207,0.7548491379,1,0,0,64.83572431,5,3.773658186,71.6651,0.08894465
177,ETU,350,15,4,4e+09,1297.19,9,2,1294.91,2,OTFS (MRC),0,0,0,870000,1.8125,0,15,160,11.95915,0.017713
177,ETU,350,15,4,4e+09,1297.19,9,2,1294.91,2,ODDM (LMMSE),0.0005387931034,0.001077586207,0.5,433729.3087,0.9036027264,3.282660821,15,91.82743992,71.46205,0.08786315
178,ETU,350,15,16,4e+09,1297.19,9,2,1294.91,2,OTFS (MRC),0.02842133621,0.1120689655,1,0,0,21.44660122,10,13.38365223,25.4515,0.0309428
178,ETU,350,15,16,4e+09,1297.19,9,2,1294.91,2,ODDM (LMMSE),0.1344288793,0.46875,1,0,0,46.66666412,7,6.626184146,70.49845,0.0866663
179,ETU,350,20,4,4e+09,1297.19,9,2,1294.91,2,OTFS (MRC),0,0,0,870000,1.8125,0,15,160,12.2353,0.01784845
179,ETU,350,20,4,4e+09,1297.19,9,2,1294.91,2,ODDM (LMMSE),0,0,0,867458.6173,1.807205453,0,15,160,71.0704,0.0879189
180,ETU,350,20,16,4e+09,1297.19,9,2,1294.91,2,OTFS (MRC),0.0001346982759,0.0005387931034,0.5,870000,1.8125,1.045302513,15,96.7972801,17.38735,0.0231127
180,ETU,350,20,16,4e+09,1297.19,9,2,1294.91,2,ODDM (LMMSE),0.0356950431,0.1400862069,1,0,0,24.0642855,10,12.37267973,70.7226,0.0876088
