Environment,Speed_kmh,DelayProfile,DelaySpread,NumPaths,DopplerSpread,SNR_dB,BER,SER,PER,Throughput_bps,SpectralEfficiency_bps_per_Hz,Runtime_sec,AvgIterations,ScenarioID,Category,FocusMode,Timestamp
Pedestrian,2,EPA,0,7,0.0273354354150626,0,0.226744791666667,0.385755208333333,1,0,0,0.8148683,2,1,LowMobility,0,2026-08-05 23:09:02
Pedestrian,2,EPA,0,7,0.0312319522439121,5,0.0797135416666667,0.144401041666667,1,0,0,0.4171788,2,1,LowMobility,0,2026-08-05 23:09:03
Pedestrian,2,EPA,0,7,0.0302476229298586,10,0.0721875,0.12921875,0.8,360000,0.375,0.3992798,2,1,LowMobility,0,2026-08-05 23:09:03
Pedestrian,2,EPA,0,7,0.0313363270858584,15,0.00118489583333333,0.00234375,0.3,1260000,1.3125,0.3071318,2,1,LowMobility,0,2026-08-05 23:09:03
Pedestrian,2,EPA,0,7,0.0316266331995314,20,0.00829427083333333,0.0158854166666667,0.2,1440000,1.5,0.3125807,2,1,LowMobility,0,2026-08-05 23:09:04
Pedestrian,2,EPA,0,7,0.0316268027797492,25,0,0,0,1800000,1.875,0.3144029,2,1,LowMobility,0,2026-08-05 23:09:04
Pedestrian,2,EPA,0,7,0.0305104748020825,30,0,0,0,1800000,1.875,0.3221825,2,1,LowMobility,0,2026-08-05 23:09:04
Pedestrian,4,EPA,0,7,0.0615026477371827,0,0.1709375,0.29546875,1,0,0,0.3205709,2,2,LowMobility,0,2026-08-05 23:09:05
Pedestrian,4,EPA,0,7,0.0618084801515248,5,0.15390625,0.271822916666667,1,0,0,0.3212059,2,2,LowMobility,0,2026-08-05 23:09:05
Pedestrian,4,EPA,0,7,0.0630220431523532,10,0.0690755208333333,0.117708333333333,0.7,540000,0.5625,0.3194825,2,2,LowMobility,0,2026-08-05 23:09:05
Pedestrian,4,EPA,0,7,0.0616424895757366,15,0.016875,0.0307552083333333,0.4,1080000,1.125,0.2967266,2,2,LowMobility,0,2026-08-05 23:09:06
Pedestrian,4,EPA,0,7,0.0626776678095666,20,0.0261588541666667,0.04578125,0.3,1260000,1.3125,0.3067891,2,2,LowMobility,0,2026-08-05 23:09:06
Pedestrian,4,EPA,0,7,0.0631619464792658,25,3.90625e-05,7.8125e-05,0.1,1620000,1.6875,0.3123151,2,2,LowMobility,0,2026-08-05 23:09:06
Pedestrian,4,EPA,0,7,0.0631256635578727,30,0,0,0,1800000,1.875,0.3083137,2,2,LowMobility,0,2026-08-05 23:09:07
Pedestrian,0,EPA,0,7,0,0,0.259752604166667,0.443203125,1,0,0,0.2881183,2,3,LowMobility,0,2026-08-05 23:09:07
Pedestrian,0,EPA,0,7,0,5,0.120638020833333,0.206041666666667,1,0,0,0.3180704,2,3,LowMobility,0,2026-08-05 23:09:07
Pedestrian,0,EPA,0,7,0,10,0.0149869791666667,0.0290885416666667,0.6,720000,0.75,0.2959302,2,3,LowMobility,0,2026-08-05 23:09:07
Pedestrian,0,EPA,0,7,0,15,0.0124088541666667,0.0243229166666667,0.5,900000,0.9375,0.2934835,2,3,LowMobility,0,2026-08-05 23:09:08
Pedestrian,0,EPA,0,7,0,20,0.003828125,0.0075,0.2,1440000,1.5,0.2892811,2,3,LowMobility,0,2026-08-05 23:09:08
Pedestrian,0,EPA,0,7,0,25,0,0,0,1800000,1.875,0.2953572,2,3,LowMobility,0,2026-08-05 23:09:08
Pedestrian,0,EPA,0,7,0,30,0,0,0,1800000,1.875,0.2823674,2,3,LowMobility,0,2026-08-05 23:09:09
Pedestrian,2,EPA,0,7,0.0275058855281751,0,0.2494921875,0.427473958333333,1,0,0,0.2897723,2,4,LowMobility,0,2026-08-05 23:09:09
Pedestrian,2,EPA,0,7,0.0316268162724694,5,0.112604166666667,0.202578125,1,0,0,0.3103582,2,4,LowMobility,0,2026-08-05 23:09:09
Pedestrian,2,EPA,0,7,0.0313394996526929,10,0.0469791666666667,0.0879166666666667,0.6,720000,0.75,0.2914086,2,4,LowMobility,0,2026-08-05 23:09:09
Pedestrian,2,EPA,0,7,0.0310097691047377,15,0.0178645833333333,0.033984375,0.6,720000,0.75,0.2956579,2,4,LowMobility,0,2026-08-05 23:09:10
Pedestrian,2,EPA,0,7,0.0311711550013553,20,0,0,0,1800000,1.875,0.2911461,2,4,LowMobility,0,2026-08-05 23:09:10
Pedestrian,2,EPA,0,7,0.0298911839739995,25,0,0,0,1800000,1.875,0.3024264,2,4,LowMobility,0,2026-08-05 23:09:10
Pedestrian,2,EPA,0,7,0.0314965462466052,30,0,0,0,1800000,1.875,0.2950596,2,4,LowMobility,0,2026-08-05 23:09:11
Pedestrian,1,EPA,0,7,0.0151611994630096,0,0.263489583333333,0.443151041666667,1,0,0,0.2830551,2,5,LowMobility,0,2026-08-05 23:09:11
Pedestrian,1,EPA,0,7,0.0155041639229653,5,0.0641796875,0.120625,1,0,0,0.288475,2,5,LowMobility,0,2026-08-05 23:09:11
Pedestrian,1,EPA,0,7,0.0156821112255337,10,0.0335546875,0.0611458333333333,0.7,540000,0.5625,0.2903397,2,5,LowMobility,0,2026-08-05 23:09:12
Pedestrian,1,EPA,0,7,0.0154753534708756,15,0.004140625,0.00807291666666667,0.4,1080000,1.125,0.2869451,2,5,LowMobility,0,2026-08-05 23:09:12
Pedestrian,1,EPA,0,7,0.0153799528281752,20,0.00078125,0.0015625,0.3,1260000,1.3125,0.2770759,2,5,LowMobility,0,2026-08-05 23:09:12
Pedestrian,1,EPA,0,7,0.015551465695167,25,0,0,0,1800000,1.875,0.2986136,2,5,LowMobility,0,2026-08-05 23:09:12
Pedestrian,1,EPA,0,7,0.0157686968156624,30,0.0371223958333333,0.0598958333333333,0.1,1620000,1.6875,0.2943858,2,5,LowMobility,0,2026-08-05 23:09:13
Pedestrian,0,EPA,0,7,0,0,0.206380208333333,0.354270833333333,1,0,0,0.2621242,2,6,LowMobility,0,2026-08-05 23:09:13
Pedestrian,0,EPA,0,7,0,5,0.1124609375,0.200546875,1,0,0,0.2761132,2,6,LowMobility,0,2026-08-05 23:09:13
Pedestrian,0,EPA,0,7,0,10,0.0714713541666667,0.13,0.9,180000,0.1875,0.2666743,2,6,LowMobility,0,2026-08-05 23:09:14
Pedestrian,0,EPA,0,7,0,15,0.00149739583333333,0.00299479166666667,0.3,1260000,1.3125,0.2753809,2,6,LowMobility,0,2026-08-05 23:09:14
Pedestrian,0,EPA,0,7,0,20,0.000130208333333333,0.000260416666666667,0.1,1620000,1.6875,0.3286808,2,6,LowMobility,0,2026-08-05 23:09:14
Pedestrian,0,EPA,0,7,0,25,0.000651041666666667,0.00130208333333333,0.1,1620000,1.6875,0.2649781,2,6,LowMobility,0,2026-08-05 23:09:14
Pedestrian,0,EPA,0,7,0,30,0,0,0,1800000,1.875,0.2710548,2,6,LowMobility,0,2026-08-05 23:09:15
Pedestrian,1,EPA,0,7,0.0158128971909919,0,0.196783854166667,0.338854166666667,1,0,0,0.3042317,2,7,LowMobility,0,2026-08-05 23:09:15
Pedestrian,1,EPA,0,7,0.0149697809434258,5,0.1060546875,0.194322916666667,1,0,0,0.2950854,2,7,LowMobility,0,2026-08-05 23:09:15
Pedestrian,1,EPA,0,7,0.0157631784125458,10,0.0729817708333333,0.127421875,0.9,180000,0.1875,0.3035548,2,7,LowMobility,0,2026-08-05 23:09:16
Pedestrian,1,EPA,0,7,0.0127559306479112,15,0.00369791666666667,0.00723958333333333,0.3,1260000,1.3125,0.3024853,2,7,LowMobility,0,2026-08-05 23:09:16
Pedestrian,1,EPA,0,7,0.0158113001040448,20,0.0003125,0.000625,0.1,1620000,1.6875,0.3060582,2,7,LowMobility,0,2026-08-05 23:09:16
Pedestrian,1,EPA,0,7,0.0157970041601595,25,0.00536458333333333,0.0104166666666667,0.1,1620000,1.6875,0.2947632,2,7,LowMobility,0,2026-08-05 23:09:16
Pedestrian,1,EPA,0,7,0.0107603135568391,30,0,0,0,1800000,1.875,0.2998454,2,7,LowMobility,0,2026-08-05 23:09:17
Pedestrian,2,EPA,0,7,0.0248877224177461,0,0.1779296875,0.311692708333333,1,0,0,0.2984523,2,8,LowMobility,0,2026-08-05 23:09:17
Pedestrian,2,EPA,0,7,0.0315669045751599,5,0.102174479166667,0.187864583333333,1,0,0,0.3433031,2,8,LowMobility,0,2026-08-05 23:09:17
Pedestrian,2,EPA,0,7,0.0313929635849289,10,0.0251692708333333,0.0470572916666667,0.6,720000,0.75,0.2979545,2,8,LowMobility,0,2026-08-05 23:09:18
Pedestrian,2,EPA,0,7,0.0314526023377308,15,0.00209635416666667,0.00419270833333333,0.4,1080000,1.125,0.2934477,2,8,LowMobility,0,2026-08-05 23:09:18
Pedestrian,2,EPA,0,7,0.0315613219925488,20,0,0,0,1800000,1.875,0.2979127,2,8,LowMobility,0,2026-08-05 23:09:18
Pedestrian,2,EPA,0,7,0.0280263982285384,25,0,0,0,1800000,1.875,0.2941565,2,8,LowMobility,0,2026-08-05 23:09:19
Pedestrian,2,EPA,0,7,0.0315468618551995,30,0,0,0,1800000,1.875,0.2762896,2,8,LowMobility,0,2026-08-05 23:09:19
Pedestrian,2,EPA,0,7,0.0313585684423828,0,0.209973958333333,0.365703125,1,0,0,0.2976082,2,9,LowMobility,0,2026-08-05 23:09:19
Pedestrian,2,EPA,0,7,0.0312103011631792,5,0.123541666666667,0.2221875,1,0,0,0.2903941,2,9,LowMobility,0,2026-08-05 23:09:19
Pedestrian,2,EPA,0,7,0.0307788231703014,10,0.0102604166666667,0.0198958333333333,0.7,540000,0.5625,0.2804939,2,9,LowMobility,0,2026-08-05 23:09:20
Pedestrian,2,EPA,0,7,0.0312008276136593,15,0.00875,0.017109375,0.4,1080000,1.125,0.2993987,2,9,LowMobility,0,2026-08-05 23:09:20
Pedestrian,2,EPA,0,7,0.0244739775967464,20,0.002578125,0.00510416666666667,0.2,1440000,1.5,0.4310983,2,9,LowMobility,0,2026-08-05 23:09:21
Pedestrian,2,EPA,0,7,0.031397166293942,25,0.000260416666666667,0.000520833333333333,0.1,1620000,1.6875,0.3805639,2,9,LowMobility,0,2026-08-05 23:09:21
Pedestrian,2,EPA,0,7,0.0308850008542998,30,0,0,0,1800000,1.875,0.3519561,2,9,LowMobility,0,2026-08-05 23:09:21
Pedestrian,3,EPA,0,7,0.0341875027962716,0,0.227552083333333,0.389296875,1,0,0,0.4557929,2,10,LowMobility,0,2026-08-05 23:09:22
Pedestrian,3,EPA,0,7,0.04743117296425,5,0.159947916666667,0.275598958333333,1,0,0,0.5536621,2,10,LowMobility,0,2026-08-05 23:09:22
Pedestrian,3,EPA,0,7,0.0461025924955473,10,0.0673567708333333,0.124140625,0.9,180000,0.1875,0.4789688,2,10,LowMobility,0,2026-08-05 23:09:23
Pedestrian,3,EPA,0,7,0.0454940612834942,15,0.0817317708333333,0.131328125,0.4,1080000,1.125,0.5142831,2,10,LowMobility,0,2026-08-05 23:09:23
Pedestrian,3,EPA,0,7,0.0474402164542123,20,0.0003515625,0.000703125,0.3,1260000,1.3125,0.5239221,2,10,LowMobility,0,2026-08-05 23:09:24
Pedestrian,3,EPA,0,7,0.0458249332814701,25,0.00015625,0.0003125,0.1,1620000,1.6875,0.3669679,2,10,LowMobility,0,2026-08-05 23:09:24
Pedestrian,3,EPA,0,7,0.0336481418744267,30,0,0,0,1800000,1.875,0.3117806,2,10,LowMobility,0,2026-08-05 23:09:24
Pedestrian,2,EPA,0,7,0.0222865461881223,0,0.2160546875,0.371796875,1,0,0,0.2966458,2,11,LowMobility,0,2026-08-05 23:09:25
Pedestrian,2,EPA,0,7,0.0312847672000358,5,0.128736979166667,0.229895833333333,1,0,0,0.4702965,2,11,LowMobility,0,2026-08-05 23:09:25
Pedestrian,2,EPA,0,7,0.031256828748375,10,0.0514583333333333,0.0887760416666667,0.8,360000,0.375,0.2962083,2,11,LowMobility,0,2026-08-05 23:09:26
Pedestrian,2,EPA,0,7,0.0306601113669553,15,0.000520833333333333,0.00104166666666667,0.2,1440000,1.5,0.433244,2,11,LowMobility,0,2026-08-05 23:09:26
Pedestrian,2,EPA,0,7,0.0313029631149262,20,0.00259114583333333,0.00513020833333333,0.2,1440000,1.5,0.3520908,2,11,LowMobility,0,2026-08-05 23:09:26
Pedestrian,2,EPA,0,7,0.0316205676455386,25,0,0,0,1800000,1.875,0.4418731,2,11,LowMobility,0,2026-08-05 23:09:27
Pedestrian,2,EPA,0,7,0.0316212083720201,30,0,0,0,1800000,1.875,0.5252732,2,11,LowMobility,0,2026-08-05 23:09:27
Pedestrian,3,EPA,0,7,0.0464655283736277,0,0.234856770833333,0.39578125,1,0,0,0.4824268,2,12,LowMobility,0,2026-08-05 23:09:28
Pedestrian,3,EPA,0,7,0.0465254531695854,5,0.0950651041666667,0.171328125,1,0,0,0.4403965,2,12,LowMobility,0,2026-08-05 23:09:28
Pedestrian,3,EPA,0,7,0.0402912237656925,10,0.0679427083333333,0.119895833333333,0.7,540000,0.5625,0.5320726,2,12,LowMobility,0,2026-08-05 23:09:29
Pedestrian,3,EPA,0,7,0.0380078923845701,15,0.0103255208333333,0.0199479166666667,0.4,1080000,1.125,0.4278392,2,12,LowMobility,0,2026-08-05 23:09:29
Pedestrian,3,EPA,0,7,0.0474358092372499,20,0.0166927083333333,0.03171875,0.2,1440000,1.5,0.3373974,2,12,LowMobility,0,2026-08-05 23:09:30
Pedestrian,3,EPA,0,7,0.0474329751894848,25,0.000989583333333333,0.00197916666666667,0.2,1440000,1.5,0.3323491,2,12,LowMobility,0,2026-08-05 23:09:30
Pedestrian,3,EPA,0,7,0.0433148086557052,30,0,0,0,1800000,1.875,0.3835475,2,12,LowMobility,0,2026-08-05 23:09:30
Pedestrian,1,EPA,0,7,0.0148999402467489,0,0.150013020833333,0.268697916666667,1,0,0,0.3612534,2,13,LowMobility,0,2026-08-05 23:09:31
Pedestrian,1,EPA,0,7,0.0113724059897877,5,0.0810416666666667,0.1490625,1,0,0,0.4369336,2,13,LowMobility,0,2026-08-05 23:09:31
Pedestrian,1,EPA,0,7,0.0149844732500622,10,0.00209635416666667,0.00419270833333333,0.6,720000,0.75,0.4844203,2,13,LowMobility,0,2026-08-05 23:09:32
Pedestrian,1,EPA,0,7,0.0155021213120638,15,0.0019140625,0.003828125,0.4,1080000,1.125,0.4082522,2,13,LowMobility,0,2026-08-05 23:09:32
Pedestrian,1,EPA,0,7,0.0156710137547851,20,0.00640625,0.0122135416666667,0.2,1440000,1.5,0.460858,2,13,LowMobility,0,2026-08-05 23:09:32
Pedestrian,1,EPA,0,7,0.0158056474701227,25,1.30208333333333e-05,2.60416666666667e-05,0.1,1620000,1.6875,0.520377,2,13,LowMobility,0,2026-08-05 23:09:33
Pedestrian,1,EPA,0,7,0.0148445381882506,30,0,0,0,1800000,1.875,0.5525069,2,13,LowMobility,0,2026-08-05 23:09:33
Pedestrian,4,EPA,0,7,0.0629834585443503,0,0.166028645833333,0.298828125,1,0,0,0.4870254,2,14,LowMobility,0,2026-08-05 23:09:34
Pedestrian,4,EPA,0,7,0.0631056288403885,5,0.185377604166667,0.318411458333333,1,0,0,0.5951919,2,14,LowMobility,0,2026-08-05 23:09:35
Pedestrian,4,EPA,0,7,0.0631419825571548,10,0.0625260416666667,0.112213541666667,0.8,360000,0.375,0.3875521,2,14,LowMobility,0,2026-08-05 23:09:35
Pedestrian,4,EPA,0,7,0.0632527703639933,15,0.005859375,0.011484375,0.3,1260000,1.3125,0.3478884,2,14,LowMobility,0,2026-08-05 23:09:35
Pedestrian,4,EPA,0,7,0.0632534673900166,20,2.60416666666667e-05,5.20833333333333e-05,0.2,1440000,1.5,0.4078397,2,14,LowMobility,0,2026-08-05 23:09:36
Pedestrian,4,EPA,0,7,0.0629019847691394,25,0.000598958333333333,0.00119791666666667,0.1,1620000,1.6875,0.4716295,2,14,LowMobility,0,2026-08-05 23:09:36
Pedestrian,4,EPA,0,7,0.0627688427736505,30,0,0,0,1800000,1.875,0.3516798,2,14,LowMobility,0,2026-08-05 23:09:37
Pedestrian,0,EPA,0,7,0,0,0.212669270833333,0.36234375,1,0,0,0.5831944,2,15,LowMobility,0,2026-08-05 23:09:37
Pedestrian,0,EPA,0,7,0,5,0.0662109375,0.123802083333333,1,0,0,0.3386545,2,15,LowMobility,0,2026-08-05 23:09:37
Pedestrian,0,EPA,0,7,0,10,0.0454296875,0.0834114583333333,0.7,540000,0.5625,0.4454158,2,15,LowMobility,0,2026-08-05 23:09:38
Pedestrian,0,EPA,0,7,0,15,0.00885416666666667,0.01734375,0.5,900000,0.9375,0.4453974,2,15,LowMobility,0,2026-08-05 23:09:38
Pedestrian,0,EPA,0,7,0,20,0.0001171875,0.000234375,0.2,1440000,1.5,0.4036385,2,15,LowMobility,0,2026-08-05 23:09:39
Pedestrian,0,EPA,0,7,0,25,0,0,0,1800000,1.875,0.3976148,2,15,LowMobility,0,2026-08-05 23:09:39
Pedestrian,0,EPA,0,7,0,30,0,0,0,1800000,1.875,0.2990506,2,15,LowMobility,0,2026-08-05 23:09:39
Pedestrian,3,EPA,0,7,0.0473321043818555,0,0.227682291666667,0.387552083333333,1,0,0,0.4919554,2,16,LowMobility,0,2026-08-05 23:09:40
Pedestrian,3,EPA,0,7,0.0452858050799875,5,0.126927083333333,0.232890625,1,0,0,0.4590497,2,16,LowMobility,0,2026-08-05 23:09:40
Pedestrian,3,EPA,0,7,0.0471951128692404,10,0.0280078125,0.0530729166666667,0.7,540000,0.5625,0.4217378,2,16,LowMobility,0,2026-08-05 23:09:41
Pedestrian,3,EPA,0,7,0.0472506230030546,15,0.0124348958333333,0.0240104166666667,0.4,1080000,1.125,0.468435,2,16,LowMobility,0,2026-08-05 23:09:41
Pedestrian,3,EPA,0,7,0.0472565967685982,20,0,0,0,1800000,1.875,0.4658594,2,16,LowMobility,0,2026-08-05 23:09:42
Pedestrian,3,EPA,0,7,0.047309161965607,25,0,0,0,1800000,1.875,0.5307017,2,16,LowMobility,0,2026-08-05 23:09:42
Pedestrian,3,EPA,0,7,0.0473821752002446,30,0,0,0,1800000,1.875,0.3514472,2,16,LowMobility,0,2026-08-05 23:09:43
Pedestrian,2,EPA,0,7,0.0316051441858143,0,0.2058203125,0.3546875,1,0,0,0.5971618,2,17,LowMobility,0,2026-08-05 23:09:43
Pedestrian,2,EPA,0,7,0.0316084802506625,5,0.107890625,0.188880208333333,1,0,0,0.4241548,2,17,LowMobility,0,2026-08-05 23:09:44
Pedestrian,2,EPA,0,7,0.0291895600735925,10,0.0750260416666667,0.128359375,0.7,540000,0.5625,0.4620795,2,17,LowMobility,0,2026-08-05 23:09:44
Pedestrian,2,EPA,0,7,0.030448573841887,15,0.0424869791666667,0.0787760416666667,0.5,900000,0.9375,0.3622816,2,17,LowMobility,0,2026-08-05 23:09:44
Pedestrian,2,EPA,0,7,0.0315966845360676,20,0.00227864583333333,0.00455729166666667,0.2,1440000,1.5,0.5830215,2,17,LowMobility,0,2026-08-05 23:09:45
Pedestrian,2,EPA,0,7,0.0292126820038159,25,2.60416666666667e-05,5.20833333333333e-05,0.2,1440000,1.5,0.4408519,2,17,LowMobility,0,2026-08-05 23:09:46
Pedestrian,2,EPA,0,7,0.0315635351757254,30,0,0,0,1800000,1.875,0.5086863,2,17,LowMobility,0,2026-08-05 23:09:46
Pedestrian,3,EPA,0,7,0.0463167544599497,0,0.211627604166667,0.369140625,1,0,0,0.3474698,2,18,LowMobility,0,2026-08-05 23:09:46
Pedestrian,3,EPA,0,7,0.047437674665306,5,0.0907552083333333,0.156979166666667,0.9,180000,0.1875,0.45066,2,18,LowMobility,0,2026-08-05 23:09:47
Pedestrian,3,EPA,0,7,0.0450503449843751,10,0.0511588541666667,0.083046875,0.7,540000,0.5625,0.4761791,2,18,LowMobility,0,2026-08-05 23:09:47
Pedestrian,3,EPA,0,7,0.0474373074094136,15,0.0432291666666667,0.076953125,0.4,1080000,1.125,0.5661274,2,18,LowMobility,0,2026-08-05 23:09:48
Pedestrian,3,EPA,0,7,0.0432989915632762,20,0.0140234375,0.026796875,0.3,1260000,1.3125,0.4016271,2,18,LowMobility,0,2026-08-05 23:09:48
Pedestrian,3,EPA,0,7,0.0472702340823193,25,0,0,0,1800000,1.875,0.3766747,2,18,LowMobility,0,2026-08-05 23:09:49
Pedestrian,3,EPA,0,7,0.0468155833656666,30,0,0,0,1800000,1.875,0.3208018,2,18,LowMobility,0,2026-08-05 23:09:49
Pedestrian,1,EPA,0,7,0.015594977338082,0,0.184986979166667,0.321484375,1,0,0,0.4587981,2,19,LowMobility,0,2026-08-05 23:09:49
Pedestrian,1,EPA,0,7,0.0148063878141535,5,0.211302083333333,0.363177083333333,1,0,0,0.5077378,2,19,LowMobility,0,2026-08-05 23:09:50
Pedestrian,1,EPA,0,7,0.0155628607378176,10,0.0479427083333333,0.0840364583333333,0.6,720000,0.75,0.572828,2,19,LowMobility,0,2026-08-05 23:09:51
Pedestrian,1,EPA,0,7,0.0157897686928615,15,0.0076171875,0.0146875,0.3,1260000,1.3125,0.6008907,2,19,LowMobility,0,2026-08-05 23:09:51
Pedestrian,1,EPA,0,7,0.0158133303185781,20,0.00989583333333333,0.0190364583333333,0.2,1440000,1.5,0.4762257,2,19,LowMobility,0,2026-08-05 23:09:52
Pedestrian,1,EPA,0,7,0.0157424469828395,25,0,0,0,1800000,1.875,0.5927852,2,19,LowMobility,0,2026-08-05 23:09:52
Pedestrian,1,EPA,0,7,0.0158120217298119,30,0,0,0,1800000,1.875,0.3236631,2,19,LowMobility,0,2026-08-05 23:09:53
Pedestrian,1,EPA,0,7,0.0155654694393816,0,0.22890625,0.395390625,1,0,0,0.4935077,2,20,LowMobility,0,2026-08-05 23:09:53
Pedestrian,1,EPA,0,7,0.0148696453932874,5,0.0779817708333333,0.143125,1,0,0,0.3892358,2,20,LowMobility,0,2026-08-05 23:09:53
Pedestrian,1,EPA,0,7,0.0152518079327842,10,0.0461979166666667,0.0844270833333333,0.7,540000,0.5625,0.6228539,2,20,LowMobility,0,2026-08-05 23:09:54
Pedestrian,1,EPA,0,7,0.0157843634985591,15,0.0112239583333333,0.0213020833333333,0.2,1440000,1.5,0.6461004,2,20,LowMobility,0,2026-08-05 23:09:55
Pedestrian,1,EPA,0,7,0.0157627767208279,20,0.000130208333333333,0.000260416666666667,0.1,1620000,1.6875,0.6225189,2,20,LowMobility,0,2026-08-05 23:09:55
Pedestrian,1,EPA,0,7,0.0157055493882082,25,0,0,0,1800000,1.875,0.3972166,2,20,LowMobility,0,2026-08-05 23:09:56
Pedestrian,1,EPA,0,7,0.0150461857203298,30,0,0,0,1800000,1.875,0.3722675,2,20,LowMobility,0,2026-08-05 23:09:56
Urban,42,EVA,2,9,0.662882191567303,0,0.197421875,0.348385416666667,1,0,0,1.1227595,3.1,1,MediumMobility,0,2026-08-05 23:09:57
Urban,42,EVA,2,9,0.656294999591041,5,0.107447916666667,0.20234375,1,0,0,1.2197721,4.2,1,MediumMobility,0,2026-08-05 23:09:58
Urban,42,EVA,2,9,0.60824509557573,10,0.0303255208333333,0.0578125,0.8,360000,0.375,0.7618821,2.4,1,MediumMobility,0,2026-08-05 23:09:59
Urban,42,EVA,2,9,0.641486367750288,15,0.002890625,0.00567708333333333,0.4,1080000,1.125,0.8132604,2.3,1,MediumMobility,0,2026-08-05 23:10:00
Urban,42,EVA,2,9,0.65988139361977,20,1.30208333333333e-05,2.60416666666667e-05,0.1,1620000,1.6875,0.5078016,2,1,MediumMobility,0,2026-08-05 23:10:00
Urban,42,EVA,2,9,0.663373029280427,25,0,0,0,1800000,1.875,0.4261474,2,1,MediumMobility,0,2026-08-05 23:10:01
Urban,42,EVA,2,9,0.611422522926143,30,0,0,0,1800000,1.875,0.619109,2,1,MediumMobility,0,2026-08-05 23:10:02
Urban,49,EVA,2,9,0.772814758828115,0,0.263190104166667,0.451901041666667,1,0,0,0.7246549,2.8,2,MediumMobility,0,2026-08-05 23:10:02
Urban,49,EVA,2,9,0.668143883535679,5,0.0570833333333333,0.109921875,1,0,0,0.7092437,3.3,2,MediumMobility,0,2026-08-05 23:10:03
Urban,49,EVA,2,9,0.772443744947082,10,0.0196484375,0.038671875,0.9,180000,0.1875,0.6344252,3.2,2,MediumMobility,0,2026-08-05 23:10:04
Urban,49,EVA,2,9,0.679298119451333,15,0.0166276041666667,0.03203125,0.6,720000,0.75,0.5102993,2.8,2,MediumMobility,0,2026-08-05 23:10:04
Urban,49,EVA,2,9,0.774380415597853,20,0,0,0,1800000,1.875,0.6005662,2,2,MediumMobility,0,2026-08-05 23:10:05
Urban,49,EVA,2,9,0.739806803192328,25,0,0,0,1800000,1.875,0.5364663,2,2,MediumMobility,0,2026-08-05 23:10:05
Urban,49,EVA,2,9,0.773508754521585,30,0,0,0,1800000,1.875,0.6132958,2,2,MediumMobility,0,2026-08-05 23:10:06
Urban,23,EVA,2,9,0.359709040744422,0,0.1945703125,0.344895833333333,1,0,0,0.8147786,3.2,3,MediumMobility,0,2026-08-05 23:10:07
Urban,23,EVA,2,9,0.360804059136257,5,0.143046875,0.254114583333333,1,0,0,0.5576069,3.1,3,MediumMobility,0,2026-08-05 23:10:07
Urban,23,EVA,2,9,0.360207482837956,10,0.0223177083333333,0.042734375,0.8,360000,0.375,0.494938,2.6,3,MediumMobility,0,2026-08-05 23:10:08
Urban,23,EVA,2,9,0.357791304846105,15,0.00786458333333333,0.0152864583333333,0.6,720000,0.75,0.4737634,2.6,3,MediumMobility,0,2026-08-05 23:10:08
Urban,23,EVA,2,9,0.354479708537124,20,0.00936197916666667,0.017890625,0.1,1620000,1.6875,0.4313479,2.2,3,MediumMobility,0,2026-08-05 23:10:09
Urban,23,EVA,2,9,0.361613164199921,25,0,0,0,1800000,1.875,0.4575841,2,3,MediumMobility,0,2026-08-05 23:10:09
Urban,23,EVA,2,9,0.361393917370758,30,0,0,0,1800000,1.875,0.6587152,2,3,MediumMobility,0,2026-08-05 23:10:10
Urban,38,EVA,2,9,0.600902620295978,0,0.2069921875,0.3603125,1,0,0,0.4545708,2.9,4,MediumMobility,0,2026-08-05 23:10:10
Urban,38,EVA,2,9,0.600908097808174,5,0.144752604166667,0.2540625,1,0,0,0.602394,3.4,4,MediumMobility,0,2026-08-05 23:10:11
Urban,38,EVA,2,9,0.59357599247849,10,0.00684895833333333,0.0130989583333333,0.8,360000,0.375,0.4985489,2.4,4,MediumMobility,0,2026-08-05 23:10:11
Urban,38,EVA,2,9,0.592987642558587,15,0.00970052083333333,0.0184895833333333,0.7,540000,0.5625,0.6046573,2.7,4,MediumMobility,0,2026-08-05 23:10:12
Urban,38,EVA,2,9,0.550365819470521,20,6.51041666666667e-05,0.000104166666666667,0.1,1620000,1.6875,0.4965734,2,4,MediumMobility,0,2026-08-05 23:10:12
Urban,38,EVA,2,9,0.600791519330366,25,0,0,0,1800000,1.875,0.5574892,2,4,MediumMobility,0,2026-08-05 23:10:13
Urban,38,EVA,2,9,0.577300052319012,30,0,0,0,1800000,1.875,0.5436466,2,4,MediumMobility,0,2026-08-05 23:10:14
Urban,45,EVA,2,9,0.515024536068153,0,0.232565104166667,0.404973958333333,1,0,0,0.844717,2.5,5,MediumMobility,0,2026-08-05 23:10:14
Urban,45,EVA,2,9,0.71066985524467,5,0.113307291666667,0.2071875,1,0,0,0.7125938,2.8,5,MediumMobility,0,2026-08-05 23:10:15
Urban,45,EVA,2,9,0.701177169297216,10,0.0419401041666667,0.0801822916666667,0.9,180000,0.1875,1.2612638,3,5,MediumMobility,0,2026-08-05 23:10:16
Urban,45,EVA,2,9,0.709963257590677,15,0.00123697916666667,0.00244791666666667,0.3,1260000,1.3125,0.6346857,2.1,5,MediumMobility,0,2026-08-05 23:10:17
Urban,45,EVA,2,9,0.699215840229556,20,3.90625e-05,7.8125e-05,0.1,1620000,1.6875,0.6608007,2,5,MediumMobility,0,2026-08-05 23:10:18
Urban,45,EVA,2,9,0.710896071348528,25,0,0,0,1800000,1.875,0.4957294,2,5,MediumMobility,0,2026-08-05 23:10:18
Urban,45,EVA,2,9,0.702168535861414,30,0,0,0,1800000,1.875,0.6726392,2,5,MediumMobility,0,2026-08-05 23:10:19
Urban,46,EVA,2,9,0.717661220891028,0,0.236002604166667,0.410182291666667,1,0,0,0.4829719,2.7,6,MediumMobility,0,2026-08-05 23:10:19
Urban,46,EVA,2,9,0.687598971771477,5,0.158971354166667,0.285442708333333,1,0,0,0.5100142,3.3,6,MediumMobility,0,2026-08-05 23:10:20
Urban,46,EVA,2,9,0.726337820792873,10,0.0304947916666667,0.0568229166666667,0.9,180000,0.1875,0.613616,2.4,6,MediumMobility,0,2026-08-05 23:10:20
Urban,46,EVA,2,9,0.702877399753133,15,0.0002734375,0.000546875,0.3,1260000,1.3125,0.7347321,2.3,6,MediumMobility,0,2026-08-05 23:10:21
Urban,46,EVA,2,9,0.727139475603232,20,0,0,0,1800000,1.875,0.8273288,2,6,MediumMobility,0,2026-08-05 23:10:22
Urban,46,EVA,2,9,0.699294914877837,25,0,0,0,1800000,1.875,0.726385,2,6,MediumMobility,0,2026-08-05 23:10:23
Urban,46,EVA,2,9,0.707203335117084,30,0,0,0,1800000,1.875,0.9352851,2,6,MediumMobility,0,2026-08-05 23:10:24
Urban,13,EVA,2,9,0.20328303778932,0,0.2158203125,0.379505208333333,1,0,0,0.9777207,2.8,7,MediumMobility,0,2026-08-05 23:10:25
Urban,13,EVA,2,9,0.171638488920044,5,0.0885677083333333,0.162864583333333,1,0,0,0.8287201,3.2,7,MediumMobility,0,2026-08-05 23:10:25
Urban,13,EVA,2,9,0.190768189993227,10,0.0363932291666667,0.0692447916666667,0.7,540000,0.5625,0.4564451,2.1,7,MediumMobility,0,2026-08-05 23:10:26
Urban,13,EVA,2,9,0.2053603151444,15,0.0021875,0.00434895833333333,0.3,1260000,1.3125,0.431982,2.2,7,MediumMobility,0,2026-08-05 23:10:26
Urban,13,EVA,2,9,0.185706758841421,20,0.000143229166666667,0.000286458333333333,0.2,1440000,1.5,0.4661504,2.1,7,MediumMobility,0,2026-08-05 23:10:27
Urban,13,EVA,2,9,0.204370056152869,25,0,0,0,1800000,1.875,0.4832564,2,7,MediumMobility,0,2026-08-05 23:10:27
Urban,13,EVA,2,9,0.205271160418257,30,0,0,0,1800000,1.875,0.4388279,2,7,MediumMobility,0,2026-08-05 23:10:28
Urban,12,EVA,2,9,0.185608957273405,0,0.255950520833333,0.440911458333333,1,0,0,0.8521516,3,8,MediumMobility,0,2026-08-05 23:10:29
Urban,12,EVA,2,9,0.187245092944067,5,0.113893229166667,0.209713541666667,1,0,0,0.8225318,3.2,8,MediumMobility,0,2026-08-05 23:10:29
Urban,12,EVA,2,9,0.188629107634193,10,0.085625,0.153854166666667,0.9,180000,0.1875,0.6325357,2.9,8,MediumMobility,0,2026-08-05 23:10:30
Urban,12,EVA,2,9,0.179970607373643,15,0.00565104166666667,0.0111979166666667,0.5,900000,0.9375,0.450107,2.1,8,MediumMobility,0,2026-08-05 23:10:31
Urban,12,EVA,2,9,0.189076999369312,20,7.8125e-05,0.00015625,0.1,1620000,1.6875,0.3771279,2,8,MediumMobility,0,2026-08-05 23:10:31
Urban,12,EVA,2,9,0.179358896281177,25,0,0,0,1800000,1.875,0.5478429,2,8,MediumMobility,0,2026-08-05 23:10:31
Urban,12,EVA,2,9,0.189367153049582,30,0,0,0,1800000,1.875,0.4893238,2,8,MediumMobility,0,2026-08-05 23:10:32
Urban,17,EVA,2,9,0.260919194844582,0,0.204466145833333,0.35984375,1,0,0,0.7011322,2.3,9,MediumMobility,0,2026-08-05 23:10:33
Urban,17,EVA,2,9,0.268219626293318,5,0.15125,0.271640625,1,0,0,0.6783129,2.3,9,MediumMobility,0,2026-08-05 23:10:33
Urban,17,EVA,2,9,0.268816577988102,10,0.0563671875,0.104869791666667,0.8,360000,0.375,0.8138114,3,9,MediumMobility,0,2026-08-05 23:10:34
Urban,17,EVA,2,9,0.261240295450429,15,0.0023046875,0.00453125,0.3,1260000,1.3125,0.6797633,2.4,9,MediumMobility,0,2026-08-05 23:10:35
Urban,17,EVA,2,9,0.268800320659404,20,0,0,0,1800000,1.875,0.5014944,2,9,MediumMobility,0,2026-08-05 23:10:35
Urban,17,EVA,2,9,0.268379830540527,25,0,0,0,1800000,1.875,0.6667481,2,9,MediumMobility,0,2026-08-05 23:10:36
Urban,17,EVA,2,9,0.268697647738405,30,0,0,0,1800000,1.875,0.559426,2,9,MediumMobility,0,2026-08-05 23:10:37
Urban,45,EVA,2,9,0.710633488151033,0,0.2228515625,0.39171875,1,0,0,0.821619,2.3,10,MediumMobility,0,2026-08-05 23:10:37
Urban,45,EVA,2,9,0.709751926262056,5,0.106341145833333,0.196875,1,0,0,0.8982853,3.6,10,MediumMobility,0,2026-08-05 23:10:38
Urban,45,EVA,2,9,0.711472182919783,10,0.0329036458333333,0.0632552083333333,0.9,180000,0.1875,0.830339,3.4,10,MediumMobility,0,2026-08-05 23:10:39
Urban,45,EVA,2,9,0.699532429684746,15,0.000104166666666667,0.000208333333333333,0.4,1080000,1.125,0.5866342,2,10,MediumMobility,0,2026-08-05 23:10:40
Urban,45,EVA,2,9,0.67945771334729,20,0.000221354166666667,0.000442708333333333,0.2,1440000,1.5,0.5758171,2,10,MediumMobility,0,2026-08-05 23:10:40
Urban,45,EVA,2,9,0.663529995071434,25,0,0,0,1800000,1.875,0.6663938,2,10,MediumMobility,0,2026-08-05 23:10:41
Urban,45,EVA,2,9,0.707721431393331,30,0,0,0,1800000,1.875,0.4356688,2,10,MediumMobility,0,2026-08-05 23:10:41
Urban,14,EVA,2,9,0.220671280030709,0,0.213333333333333,0.375104166666667,1,0,0,0.7212844,3.2,11,MediumMobility,0,2026-08-05 23:10:42
Urban,14,EVA,2,9,0.199188267655301,5,0.0689453125,0.12578125,1,0,0,0.7058377,2.6,11,MediumMobility,0,2026-08-05 23:10:43
Urban,14,EVA,2,9,0.220955268541455,10,0.0365104166666667,0.0692708333333333,0.7,540000,0.5625,0.5910004,2.5,11,MediumMobility,0,2026-08-05 23:10:43
Urban,14,EVA,2,9,0.221201364293329,15,0.00588541666666667,0.011484375,0.2,1440000,1.5,0.5607254,2.5,11,MediumMobility,0,2026-08-05 23:10:44
Urban,14,EVA,2,9,0.221312096972682,20,0,0,0,1800000,1.875,0.6738469,2,11,MediumMobility,0,2026-08-05 23:10:45
Urban,14,EVA,2,9,0.218604819758089,25,0,0,0,1800000,1.875,0.400523,2,11,MediumMobility,0,2026-08-05 23:10:45
Urban,14,EVA,2,9,0.219737277321312,30,0,0,0,1800000,1.875,0.7376237,2,11,MediumMobility,0,2026-08-05 23:10:46
Urban,27,EVA,2,9,0.426464812519786,0,0.243411458333333,0.418098958333333,1,0,0,0.7521458,2.6,12,MediumMobility,0,2026-08-05 23:10:47
Urban,27,EVA,2,9,0.414670166702031,5,0.0726692708333333,0.138020833333333,1,0,0,0.5261587,2.8,12,MediumMobility,0,2026-08-05 23:10:47
Urban,27,EVA,2,9,0.418935686905511,10,0.035546875,0.06625,0.9,180000,0.1875,0.636394,2.9,12,MediumMobility,0,2026-08-05 23:10:48
Urban,27,EVA,2,9,0.426782304993791,15,0.00231770833333333,0.00458333333333333,0.4,1080000,1.125,0.6478469,2.7,12,MediumMobility,0,2026-08-05 23:10:48
Urban,27,EVA,2,9,0.423291959263153,20,9.11458333333333e-05,0.000182291666666667,0.1,1620000,1.6875,0.6159436,2.1,12,MediumMobility,0,2026-08-05 23:10:49
Urban,27,EVA,2,9,0.426926967546548,25,0,0,0,1800000,1.875,0.4880816,2,12,MediumMobility,0,2026-08-05 23:10:49
Urban,27,EVA,2,9,0.425209523917517,30,0,0,0,1800000,1.875,0.5332025,2,12,MediumMobility,0,2026-08-05 23:10:50
Urban,48,EVA,2,9,0.757225558987547,0,0.220559895833333,0.389140625,1,0,0,0.7589371,3.3,13,MediumMobility,0,2026-08-05 23:10:51
Urban,48,EVA,2,9,0.75587179420149,5,0.128841145833333,0.233098958333333,1,0,0,0.5823925,2.7,13,MediumMobility,0,2026-08-05 23:10:51
Urban,48,EVA,2,9,0.758994326110661,10,0.0272005208333333,0.0519010416666667,0.9,180000,0.1875,0.5565691,2.9,13,MediumMobility,0,2026-08-05 23:10:52
Urban,48,EVA,2,9,0.755328413617357,15,0.0003515625,0.000703125,0.4,1080000,1.125,0.5417429,2.2,13,MediumMobility,0,2026-08-05 23:10:52
Urban,48,EVA,2,9,0.734869389054045,20,0.000481770833333333,0.000963541666666667,0.2,1440000,1.5,0.6104067,2.1,13,MediumMobility,0,2026-08-05 23:10:53
Urban,48,EVA,2,9,0.739677945033082,25,0,0,0,1800000,1.875,0.6910947,2,13,MediumMobility,0,2026-08-05 23:10:54
Urban,48,EVA,2,9,0.75573373699888,30,0,0,0,1800000,1.875,0.6347461,2,13,MediumMobility,0,2026-08-05 23:10:54
Urban,31,EVA,2,9,0.459705066537647,0,0.257565104166667,0.44265625,1,0,0,0.5197947,2.4,14,MediumMobility,0,2026-08-05 23:10:55
Urban,31,EVA,2,9,0.487521620604243,5,0.121171875,0.224609375,1,0,0,0.8230725,3.1,14,MediumMobility,0,2026-08-05 23:10:56
Urban,31,EVA,2,9,0.489052015523224,10,0.0276432291666667,0.0530729166666667,0.8,360000,0.375,0.678862,2.8,14,MediumMobility,0,2026-08-05 23:10:56
Urban,31,EVA,2,9,0.485992764304207,15,0.00389322916666667,0.00770833333333333,0.2,1440000,1.5,0.5299131,2.2,14,MediumMobility,0,2026-08-05 23:10:57
Urban,31,EVA,2,9,0.484631246509344,20,0.001015625,0.001953125,0.1,1620000,1.6875,0.6084593,2.2,14,MediumMobility,0,2026-08-05 23:10:58
Urban,31,EVA,2,9,0.482466228819276,25,0,0,0,1800000,1.875,0.5698218,2,14,MediumMobility,0,2026-08-05 23:10:58
Urban,31,EVA,2,9,0.467177775165238,30,0,0,0,1800000,1.875,0.5808265,2,14,MediumMobility,0,2026-08-05 23:10:59
Urban,38,EVA,2,9,0.594106146472852,0,0.215963541666667,0.381744791666667,1,0,0,0.9448188,3.3,15,MediumMobility,0,2026-08-05 23:11:00
Urban,38,EVA,2,9,0.586041529173416,5,0.159661458333333,0.287994791666667,1,0,0,0.7548507,3.4,15,MediumMobility,0,2026-08-05 23:11:00
Urban,38,EVA,2,9,0.556272237100246,10,0.0239192708333333,0.0462760416666667,0.9,180000,0.1875,0.8723587,3,15,MediumMobility,0,2026-08-05 23:11:01
Urban,38,EVA,2,9,0.600851036985477,15,0.0034765625,0.00690104166666667,0.7,540000,0.5625,0.4960039,2.3,15,MediumMobility,0,2026-08-05 23:11:02
Urban,38,EVA,2,9,0.600828252304376,20,0,0,0,1800000,1.875,0.5754172,2,15,MediumMobility,0,2026-08-05 23:11:02
Urban,38,EVA,2,9,0.599947323946535,25,0,0,0,1800000,1.875,0.4642887,2,15,MediumMobility,0,2026-08-05 23:11:03
Urban,38,EVA,2,9,0.581735837974951,30,0,0,0,1800000,1.875,0.4935784,2,15,MediumMobility,0,2026-08-05 23:11:03
Urban,23,EVA,2,9,0.333788243503194,0,0.210846354166667,0.371328125,1,0,0,0.6189228,3.6,16,MediumMobility,0,2026-08-05 23:11:04
Urban,23,EVA,2,9,0.361912101050507,5,0.123294270833333,0.224270833333333,1,0,0,0.5907602,3.7,16,MediumMobility,0,2026-08-05 23:11:04
Urban,23,EVA,2,9,0.36190573910109,10,0.0247526041666667,0.0478645833333333,0.8,360000,0.375,0.5562392,2.6,16,MediumMobility,0,2026-08-05 23:11:05
Urban,23,EVA,2,9,0.360652660436101,15,0.000572916666666667,0.00114583333333333,0.4,1080000,1.125,0.5253029,2.2,16,MediumMobility,0,2026-08-05 23:11:06
Urban,23,EVA,2,9,0.360716939505569,20,0.000494791666666667,0.000989583333333333,0.2,1440000,1.5,0.5297487,2.2,16,MediumMobility,0,2026-08-05 23:11:06
Urban,23,EVA,2,9,0.363528720347424,25,0,0,0,1800000,1.875,0.5595478,2,16,MediumMobility,0,2026-08-05 23:11:07
Urban,23,EVA,2,9,0.346474814891856,30,0,0,0,1800000,1.875,0.4804009,2,16,MediumMobility,0,2026-08-05 23:11:07
Urban,37,EVA,2,9,0.554024126112994,0,0.240963541666667,0.42046875,1,0,0,0.6934021,2.4,17,MediumMobility,0,2026-08-05 23:11:08
Urban,37,EVA,2,9,0.565418569131832,5,0.107473958333333,0.195234375,1,0,0,0.5328593,2.9,17,MediumMobility,0,2026-08-05 23:11:08
Urban,37,EVA,2,9,0.5313247127399,10,0.0131901041666667,0.0257291666666667,0.8,360000,0.375,0.7796614,2.2,17,MediumMobility,0,2026-08-05 23:11:09
Urban,37,EVA,2,9,0.584964111004883,15,0.000208333333333333,0.000416666666666667,0.2,1440000,1.5,0.775692,2.2,17,MediumMobility,0,2026-08-05 23:11:10
Urban,37,EVA,2,9,0.56801311765006,20,0.000455729166666667,0.000911458333333333,0.3,1260000,1.3125,0.7869243,2.1,17,MediumMobility,0,2026-08-05 23:11:11
Urban,37,EVA,2,9,0.567370919062052,25,3.90625e-05,7.8125e-05,0.1,1620000,1.6875,0.8830262,2.1,17,MediumMobility,0,2026-08-05 23:11:12
Urban,37,EVA,2,9,0.584683301820007,30,0,0,0,1800000,1.875,0.7780679,2,17,MediumMobility,0,2026-08-05 23:11:12
Urban,43,EVA,2,9,0.658192690365861,0,0.222682291666667,0.390572916666667,1,0,0,1.4161904,3.5,18,MediumMobility,0,2026-08-05 23:11:14
Urban,43,EVA,2,9,0.679954754662366,5,0.11171875,0.208776041666667,1,0,0,0.8288176,2.9,18,MediumMobility,0,2026-08-05 23:11:15
Urban,43,EVA,2,9,0.67972540627282,10,0.0476953125,0.0892708333333333,1,0,0,0.550343,3.1,18,MediumMobility,0,2026-08-05 23:11:15
Urban,43,EVA,2,9,0.677981911777085,15,0.00078125,0.0015625,0.4,1080000,1.125,0.4028279,2.2,18,MediumMobility,0,2026-08-05 23:11:16
Urban,43,EVA,2,9,0.672718339592949,20,2.60416666666667e-05,5.20833333333333e-05,0.1,1620000,1.6875,0.4889928,2.1,18,MediumMobility,0,2026-08-05 23:11:16
Urban,43,EVA,2,9,0.679875651610222,25,0,0,0,1800000,1.875,0.5314639,2,18,MediumMobility,0,2026-08-05 23:11:17
Urban,43,EVA,2,9,0.575527553497769,30,0,0,0,1800000,1.875,0.4040366,2,18,MediumMobility,0,2026-08-05 23:11:17
Urban,11,EVA,2,9,0.171510455445926,0,0.1629296875,0.292291666666667,1,0,0,0.5511327,2.8,19,MediumMobility,0,2026-08-05 23:11:18
Urban,11,EVA,2,9,0.173174282947272,5,0.155221354166667,0.272135416666667,1,0,0,0.5689655,3.3,19,MediumMobility,0,2026-08-05 23:11:18
Urban,11,EVA,2,9,0.173908643801936,10,0.0159244791666667,0.030703125,0.7,540000,0.5625,0.4557803,2.1,19,MediumMobility,0,2026-08-05 23:11:19
Urban,11,EVA,2,9,0.173947471318987,15,0.00302083333333333,0.00583333333333333,0.2,1440000,1.5,0.3723794,2.1,19,MediumMobility,0,2026-08-05 23:11:19
Urban,11,EVA,2,9,0.159564849153019,20,0.00110677083333333,0.0021875,0.3,1260000,1.3125,0.4193853,2.5,19,MediumMobility,0,2026-08-05 23:11:19
Urban,11,EVA,2,9,0.165148957785048,25,0,0,0,1800000,1.875,0.4182047,2,19,MediumMobility,0,2026-08-05 23:11:20
Urban,11,EVA,2,9,0.172393858695662,30,0,0,0,1800000,1.875,0.4644688,2,19,MediumMobility,0,2026-08-05 23:11:20
Urban,40,EVA,2,9,0.321185859268833,0,0.244583333333333,0.422265625,1,0,0,0.6551768,2.8,20,MediumMobility,0,2026-08-05 23:11:21
Urban,40,EVA,2,9,0.629860321555062,5,0.18296875,0.329661458333333,1,0,0,0.7582322,3.1,20,MediumMobility,0,2026-08-05 23:11:22
Urban,40,EVA,2,9,0.619871903292337,10,0.0257552083333333,0.050078125,0.8,360000,0.375,0.4435661,2.8,20,MediumMobility,0,2026-08-05 23:11:22
Urban,40,EVA,2,9,0.632284145540247,15,0.00381510416666667,0.00755208333333333,0.5,900000,0.9375,0.4167798,2.3,20,MediumMobility,0,2026-08-05 23:11:23
Urban,40,EVA,2,9,0.631668546323092,20,0,0,0,1800000,1.875,0.4625608,2.1,20,MediumMobility,0,2026-08-05 23:11:23
Urban,40,EVA,2,9,0.632472543265516,25,0,0,0,1800000,1.875,0.4930597,2,20,MediumMobility,0,2026-08-05 23:11:24
Urban,40,EVA,2,9,0.631777652041017,30,0,0,0,1800000,1.875,0.4784723,2,20,MediumMobility,0,2026-08-05 23:11:24
Highway,119,ETU,5,9,1.87154220339594,0,0.24598599137931,0.429849137931034,1,0,0,0.7062716,3.5,1,HighMobility,0,2026-08-05 23:11:25
Highway,119,ETU,5,9,1.84012803036542,5,0.130765086206897,0.241837284482759,1,0,0,0.5138579,3,1,HighMobility,0,2026-08-05 23:11:25
Highway,119,ETU,5,9,1.88178848630044,10,0.0291082974137931,0.0554956896551724,0.9,174000,0.18125,0.7098845,2.8,1,HighMobility,0,2026-08-05 23:11:26
Highway,119,ETU,5,9,1.88112297798312,15,0.000848599137931034,0.00169719827586207,0.3,1218000,1.26875,0.5124861,2.2,1,HighMobility,0,2026-08-05 23:11:26
Highway,119,ETU,5,9,1.82087024453496,20,0,0,0,1740000,1.8125,0.4336623,2,1,HighMobility,0,2026-08-05 23:11:27
Highway,119,ETU,5,9,1.87410697625887,25,0,0,0,1740000,1.8125,0.4126424,2,1,HighMobility,0,2026-08-05 23:11:27
Highway,119,ETU,5,9,1.88019666635889,30,0,0,0,1740000,1.8125,0.4657438,2,1,HighMobility,0,2026-08-05 23:11:28
Highway,105,ETU,5,9,1.4931136904974,0,0.24542025862069,0.430711206896552,1,0,0,0.4903731,2.7,2,HighMobility,0,2026-08-05 23:11:28
Highway,105,ETU,5,9,1.66034986972161,5,0.103421336206897,0.194154094827586,1,0,0,0.4870461,3.2,2,HighMobility,0,2026-08-05 23:11:29
Highway,105,ETU,5,9,1.32263146319462,10,0.0399919181034483,0.0771821120689655,1,0,0,0.5115931,3.6,2,HighMobility,0,2026-08-05 23:11:29
Highway,105,ETU,5,9,1.60121811378703,15,0.00206088362068966,0.00412176724137931,0.5,870000,0.90625,0.4516756,2.7,2,HighMobility,0,2026-08-05 23:11:30
Highway,105,ETU,5,9,1.6603924841022,20,0,0,0,1740000,1.8125,0.3974744,2,2,HighMobility,0,2026-08-05 23:11:30
Highway,105,ETU,5,9,1.59246413793382,25,0,0,0,1740000,1.8125,0.3944816,2,2,HighMobility,0,2026-08-05 23:11:30
Highway,105,ETU,5,9,1.5022502788155,30,0,0,0,1740000,1.8125,0.40094,2,2,HighMobility,0,2026-08-05 23:11:31
Highway,77,ETU,5,9,1.21759217040001,0,0.219989224137931,0.385425646551724,1,0,0,0.4926946,3.2,3,HighMobility,0,2026-08-05 23:11:31
Highway,77,ETU,5,9,1.21188927333415,5,0.144221443965517,0.262957974137931,1,0,0,0.4943871,3.1,3,HighMobility,0,2026-08-05 23:11:32
Highway,77,ETU,5,9,1.02674693734506,10,0.0260371767241379,0.050323275862069,0.9,174000,0.18125,0.578274,3.1,3,HighMobility,0,2026-08-05 23:11:32
Highway,77,ETU,5,9,1.21615052759369,15,0.00864762931034483,0.0165948275862069,0.7,522000,0.54375,0.4627303,2.7,3,HighMobility,0,2026-08-05 23:11:33
Highway,77,ETU,5,9,1.19039007877057,20,0,0,0,1740000,1.8125,0.40861,2,3,HighMobility,0,2026-08-05 23:11:33
Highway,77,ETU,5,9,1.21347409603522,25,0,0,0,1740000,1.8125,0.3921728,2,3,HighMobility,0,2026-08-05 23:11:34
Highway,77,ETU,5,9,1.16861558235795,30,0,0,0,1740000,1.8125,0.4125627,2,3,HighMobility,0,2026-08-05 23:11:34
Highway,107,ETU,5,9,1.68782789797037,0,0.223424030172414,0.391621767241379,1,0,0,0.5167762,4,4,HighMobility,0,2026-08-05 23:11:35
Highway,107,ETU,5,9,1.66196216936156,5,0.125067349137931,0.231411637931034,1,0,0,0.4569934,3.2,4,HighMobility,0,2026-08-05 23:11:35
Highway,107,ETU,5,9,1.67296725680791,10,0.0154094827586207,0.0301724137931034,0.8,348000,0.3625,0.4370299,3,4,HighMobility,0,2026-08-05 23:11:36
Highway,107,ETU,5,9,1.68510424488938,15,0.00152209051724138,0.00301724137931034,0.2,1392000,1.45,0.4184517,2,4,HighMobility,0,2026-08-05 23:11:36
Highway,107,ETU,5,9,1.68919166154686,20,0,0,0,1740000,1.8125,0.4225612,2,4,HighMobility,0,2026-08-05 23:11:36
Highway,107,ETU,5,9,1.68407612675446,25,0,0,0,1740000,1.8125,0.387685,2,4,HighMobility,0,2026-08-05 23:11:37
Highway,107,ETU,5,9,1.69146296307953,30,0,0,0,1740000,1.8125,0.391683,2,4,HighMobility,0,2026-08-05 23:11:37
Highway,66,ETU,5,9,1.04291586031616,0,0.268521012931034,0.463927801724138,1,0,0,0.4612054,3,5,HighMobility,0,2026-08-05 23:11:38
Highway,66,ETU,5,9,1.03540085112735,5,0.137877155172414,0.253313577586207,1,0,0,0.4914728,3.4,5,HighMobility,0,2026-08-05 23:11:38
Highway,66,ETU,5,9,1.01736844751882,10,0.0379175646551724,0.0707974137931034,0.9,174000,0.18125,0.4536821,3.1,5,HighMobility,0,2026-08-05 23:11:39
Highway,66,ETU,5,9,1.04247410679067,15,8.08189655172414e-05,0.000161637931034483,0.2,1392000,1.45,0.3996479,2.3,5,HighMobility,0,2026-08-05 23:11:39
Highway,66,ETU,5,9,1.04283884052279,20,0,0,0,1740000,1.8125,0.3853471,2,5,HighMobility,0,2026-08-05 23:11:39
Highway,66,ETU,5,9,1.01580745017432,25,0,0,0,1740000,1.8125,0.3877925,2,5,HighMobility,0,2026-08-05 23:11:40
Highway,66,ETU,5,9,1.04342888784521,30,0,0,0,1740000,1.8125,0.3719258,2,5,HighMobility,0,2026-08-05 23:11:40
Highway,87,ETU,5,9,1.37005103689283,0,0.243143857758621,0.424191810344828,1,0,0,0.4513815,2.9,6,HighMobility,0,2026-08-05 23:11:41
Highway,87,ETU,5,9,1.36648691324222,5,0.132610452586207,0.245258620689655,1,0,0,0.4697851,3.3,6,HighMobility,0,2026-08-05 23:11:41
Highway,87,ETU,5,9,1.36396536936576,10,0.0115436422413793,0.0226023706896552,0.9,174000,0.18125,0.433414,2.9,6,HighMobility,0,2026-08-05 23:11:41
Highway,87,ETU,5,9,1.2948491672457,15,0.00272090517241379,0.00541487068965517,0.3,1218000,1.26875,0.4031771,2.3,6,HighMobility,0,2026-08-05 23:11:42
Highway,87,ETU,5,9,1.34583741473524,20,0,0,0,1740000,1.8125,0.3590505,2,6,HighMobility,0,2026-08-05 23:11:42
Highway,87,ETU,5,9,1.37449388655792,25,0,0,0,1740000,1.8125,0.4460325,2,6,HighMobility,0,2026-08-05 23:11:43
Highway,87,ETU,5,9,1.34198926611538,30,0,0,0,1740000,1.8125,0.4139719,2,6,HighMobility,0,2026-08-05 23:11:43
Highway,115,ETU,5,9,1.77284027260128,0,0.237728987068966,0.416756465517241,1,0,0,0.5882941,3.9,7,HighMobility,0,2026-08-05 23:11:44
Highway,115,ETU,5,9,1.76675341264352,5,0.0853987068965517,0.158081896551724,1,0,0,0.8405436,3.1,7,HighMobility,0,2026-08-05 23:11:45
Highway,115,ETU,5,9,1.81837231191213,10,0.0219154094827586,0.0425377155172414,1,0,0,1.0377769,2.6,7,HighMobility,0,2026-08-05 23:11:46
Highway,115,ETU,5,9,1.71218075093554,15,0.000228987068965517,0.000457974137931034,0.2,1392000,1.45,0.9616449,2.1,7,HighMobility,0,2026-08-05 23:11:47
Highway,115,ETU,5,9,1.81688951445001,20,0,0,0,1740000,1.8125,0.9580649,2,7,HighMobility,0,2026-08-05 23:11:48
Highway,115,ETU,5,9,1.81309271585179,25,0,0,0,1740000,1.8125,0.976263,2,7,HighMobility,0,2026-08-05 23:11:48
Highway,115,ETU,5,9,1.7886166130215,30,0,0,0,1740000,1.8125,0.9682204,2,7,HighMobility,0,2026-08-05 23:11:49
Highway,78,ETU,5,9,1.22515624189996,0,0.258257004310345,0.446524784482759,1,0,0,1.3179792,3.3,8,HighMobility,0,2026-08-05 23:11:51
Highway,78,ETU,5,9,1.22207223705442,5,0.128461745689655,0.237203663793103,1,0,0,1.2203752,3.4,8,HighMobility,0,2026-08-05 23:11:52
Highway,78,ETU,5,9,1.16853928901219,10,0.0144396551724138,0.0282596982758621,1,0,0,1.0978227,2.9,8,HighMobility,0,2026-08-05 23:11:53
Highway,78,ETU,5,9,1.23144472366697,15,5.38793103448276e-05,0.000107758620689655,0.2,1392000,1.45,1.0171032,2.4,8,HighMobility,0,2026-08-05 23:11:54
Highway,78,ETU,5,9,1.19311996526748,20,0,0,0,1740000,1.8125,0.5324007,2,8,HighMobility,0,2026-08-05 23:11:55
Highway,78,ETU,5,9,1.13012390175493,25,0,0,0,1740000,1.8125,0.3698621,2,8,HighMobility,0,2026-08-05 23:11:55
Highway,78,ETU,5,9,1.21894751341188,30,0,0,0,1740000,1.8125,0.3650757,2,8,HighMobility,0,2026-08-05 23:11:55
Highway,77,ETU,5,9,1.12549693402172,0,0.215705818965517,0.38213900862069,1,0,0,0.4783662,3.9,9,HighMobility,0,2026-08-05 23:11:56
Highway,77,ETU,5,9,1.15368570484249,5,0.141109913793103,0.26004849137931,1,0,0,0.4173783,3,9,HighMobility,0,2026-08-05 23:11:56
Highway,77,ETU,5,9,1.20554100335462,10,0.0298087284482759,0.0577586206896552,1,0,0,0.4282622,3.2,9,HighMobility,0,2026-08-05 23:11:57
Highway,77,ETU,5,9,1.21554666057808,15,0.000363685344827586,0.000727370689655172,0.4,1044000,1.0875,0.3814465,2.2,9,HighMobility,0,2026-08-05 23:11:57
Highway,77,ETU,5,9,1.20308453526319,20,0,0,0,1740000,1.8125,0.3805721,2,9,HighMobility,0,2026-08-05 23:11:57
Highway,77,ETU,5,9,1.21137800755296,25,0,0,0,1740000,1.8125,0.3990562,2,9,HighMobility,0,2026-08-05 23:11:58
Highway,77,ETU,5,9,1.2170832196332,30,0,0,0,1740000,1.8125,0.3869442,2,9,HighMobility,0,2026-08-05 23:11:58
Highway,68,ETU,5,9,1.05612729629777,0,0.22372036637931,0.389143318965517,1,0,0,0.4629782,3.2,10,HighMobility,0,2026-08-05 23:11:59
Highway,68,ETU,5,9,1.06323901879521,5,0.136799568965517,0.249137931034483,1,0,0,0.4803866,3.6,10,HighMobility,0,2026-08-05 23:11:59
Highway,68,ETU,5,9,1.00034287567354,10,0.0529768318965517,0.101885775862069,1,0,0,0.5695682,3.2,10,HighMobility,0,2026-08-05 23:12:00
Highway,68,ETU,5,9,1.06974464593941,15,0.000552262931034483,0.00110452586206897,0.3,1218000,1.26875,0.7213581,2.2,10,HighMobility,0,2026-08-05 23:12:00
Highway,68,ETU,5,9,1.07215145194151,20,0,0,0,1740000,1.8125,0.592167,2,10,HighMobility,0,2026-08-05 23:12:01
Highway,68,ETU,5,9,1.07528801806367,25,0,0,0,1740000,1.8125,0.4888579,2,10,HighMobility,0,2026-08-05 23:12:02
Highway,68,ETU,5,9,1.06250467385123,30,0,0,0,1740000,1.8125,0.4627079,2,10,HighMobility,0,2026-08-05 23:12:02
Highway,61,ETU,5,9,0.963504790591311,0,0.244760237068966,0.424784482758621,1,0,0,0.5986722,3.3,11,HighMobility,0,2026-08-05 23:12:03
Highway,61,ETU,5,9,0.940911102121376,5,0.0982758620689655,0.182219827586207,1,0,0,0.9185439,3.7,11,HighMobility,0,2026-08-05 23:12:04
Highway,61,ETU,5,9,0.876285154663725,10,0.0151535560344828,0.0295797413793103,1,0,0,0.5816651,2.8,11,HighMobility,0,2026-08-05 23:12:04
Highway,61,ETU,5,9,0.964008011691966,15,0.000592672413793103,0.00118534482758621,0.3,1218000,1.26875,0.4531302,2.2,11,HighMobility,0,2026-08-05 23:12:05
Highway,61,ETU,5,9,0.964293983470218,20,0,0,0,1740000,1.8125,0.4888596,2,11,HighMobility,0,2026-08-05 23:12:05
Highway,61,ETU,5,9,0.95814844484742,25,0,0,0,1740000,1.8125,0.6940122,2,11,HighMobility,0,2026-08-05 23:12:06
Highway,61,ETU,5,9,0.933381162792093,30,0,0,0,1740000,1.8125,0.6058023,2,11,HighMobility,0,2026-08-05 23:12:06
Highway,101,ETU,5,9,1.59675628030523,0,0.241581357758621,0.421120689655172,1,0,0,0.7654479,3,12,HighMobility,0,2026-08-05 23:12:07
Highway,101,ETU,5,9,1.58121525388904,5,0.127397629310345,0.234698275862069,1,0,0,1.0496189,3.2,12,HighMobility,0,2026-08-05 23:12:08
Highway,101,ETU,5,9,1.59511524630462,10,0.0235452586206897,0.0454471982758621,1,0,0,1.2164536,3.8,12,HighMobility,0,2026-08-05 23:12:09
Highway,101,ETU,5,9,1.59178148740389,15,0.000255926724137931,0.000511853448275862,0.3,1218000,1.26875,0.8530745,2.1,12,HighMobility,0,2026-08-05 23:12:10
Highway,101,ETU,5,9,1.59687678634684,20,0,0,0,1740000,1.8125,0.5910021,2,12,HighMobility,0,2026-08-05 23:12:11
Highway,101,ETU,5,9,1.59351458665803,25,0,0,0,1740000,1.8125,0.6434362,2,12,HighMobility,0,2026-08-05 23:12:12
Highway,101,ETU,5,9,1.55398249135699,30,0,0,0,1740000,1.8125,0.584648,2,12,HighMobility,0,2026-08-05 23:12:12
Highway,73,ETU,5,9,1.15404944406515,0,0.238927801724138,0.419154094827586,1,0,0,0.6211502,3.4,13,HighMobility,0,2026-08-05 23:12:13
Highway,73,ETU,5,9,1.15282463970402,5,0.100996767241379,0.187904094827586,1,0,0,0.6894582,2.9,13,HighMobility,0,2026-08-05 23:12:13
Highway,73,ETU,5,9,1.14831578587347,10,0.00517241379310345,0.0102909482758621,0.9,174000,0.18125,0.5052976,2.8,13,HighMobility,0,2026-08-05 23:12:14
Highway,73,ETU,5,9,1.14299595395121,15,0.000323275862068966,0.000646551724137931,0.2,1392000,1.45,0.5477729,2.1,13,HighMobility,0,2026-08-05 23:12:14
Highway,73,ETU,5,9,1.14450229693504,20,4.04094827586207e-05,8.08189655172414e-05,0.1,1566000,1.63125,0.5227268,2.3,13,HighMobility,0,2026-08-05 23:12:15
Highway,73,ETU,5,9,1.15196891320243,25,0,0,0,1740000,1.8125,0.6924704,2,13,HighMobility,0,2026-08-05 23:12:16
Highway,73,ETU,5,9,1.14934008295731,30,0,0,0,1740000,1.8125,0.5770465,2,13,HighMobility,0,2026-08-05 23:12:16
Highway,76,ETU,5,9,1.18195539214064,0,0.246053340517241,0.430549568965517,1,0,0,0.8166922,3.1,14,HighMobility,0,2026-08-05 23:12:17
Highway,76,ETU,5,9,1.14600739993653,5,0.125336745689655,0.22979525862069,1,0,0,0.6974612,4,14,HighMobility,0,2026-08-05 23:12:18
Highway,76,ETU,5,9,1.15584443352798,10,0.0198275862068966,0.0381734913793103,0.9,174000,0.18125,0.5274659,3.1,14,HighMobility,0,2026-08-05 23:12:18
Highway,76,ETU,5,9,1.10801270949929,15,0.00105064655172414,0.00210129310344828,0.5,870000,0.90625,0.4682522,2.4,14,HighMobility,0,2026-08-05 23:12:19
Highway,76,ETU,5,9,1.20167343927519,20,0,0,0,1740000,1.8125,0.6006651,2,14,HighMobility,0,2026-08-05 23:12:19
Highway,76,ETU,5,9,1.17522273498727,25,0,0,0,1740000,1.8125,0.6814808,2,14,HighMobility,0,2026-08-05 23:12:20
Highway,76,ETU,5,9,1.18632457353537,30,0,0,0,1740000,1.8125,0.4425443,2,14,HighMobility,0,2026-08-05 23:12:20
Highway,89,ETU,5,9,1.38211275831272,0,0.236166487068966,0.413415948275862,1,0,0,0.4781657,2.5,15,HighMobility,0,2026-08-05 23:12:21
Highway,89,ETU,5,9,1.30926299408943,5,0.0833782327586207,0.156950431034483,1,0,0,0.5768534,2.6,15,HighMobility,0,2026-08-05 23:12:22
Highway,89,ETU,5,9,1.40635651106798,10,0.00868803879310345,0.0172952586206897,0.9,174000,0.18125,0.579885,3.5,15,HighMobility,0,2026-08-05 23:12:22
Highway,89,ETU,5,9,1.40709313732281,15,0.000309806034482759,0.000619612068965517,0.8,348000,0.3625,0.7506512,2.5,15,HighMobility,0,2026-08-05 23:12:23
Highway,89,ETU,5,9,1.40049776307021,20,0,0,0,1740000,1.8125,0.7226851,2,15,HighMobility,0,2026-08-05 23:12:24
Highway,89,ETU,5,9,1.4058445796415,25,0,0,0,1740000,1.8125,0.5578328,2,15,HighMobility,0,2026-08-05 23:12:24
Highway,89,ETU,5,9,1.25286055951057,30,0,0,0,1740000,1.8125,0.6508242,2,15,HighMobility,0,2026-08-05 23:12:25
Highway,63,ETU,5,9,0.9810592484602,0,0.213348599137931,0.380765086206897,1,0,0,0.8362898,3,16,HighMobility,0,2026-08-05 23:12:26
Highway,63,ETU,5,9,0.983805481649088,5,0.110600754310345,0.202640086206897,1,0,0,0.6270504,3.3,16,HighMobility,0,2026-08-05 23:12:26
Highway,63,ETU,5,9,0.990644863375902,10,0.0156519396551724,0.0306303879310345,1,0,0,0.7833624,3.4,16,HighMobility,0,2026-08-05 23:12:27
Highway,63,ETU,5,9,0.876168408077182,15,0.000107758620689655,0.00021551724137931,0.4,1044000,1.0875,0.7235493,2.2,16,HighMobility,0,2026-08-05 23:12:28
Highway,63,ETU,5,9,0.995787290677543,20,0,0,0,1740000,1.8125,0.7578158,2,16,HighMobility,0,2026-08-05 23:12:29
Highway,63,ETU,5,9,0.984568942752228,25,0,0,0,1740000,1.8125,0.5879553,2,16,HighMobility,0,2026-08-05 23:12:29
Highway,63,ETU,5,9,0.996224740677587,30,0,0,0,1740000,1.8125,0.5590228,2,16,HighMobility,0,2026-08-05 23:12:30
Highway,94,ETU,5,9,1.48573715424673,0,0.25792025862069,0.447198275862069,1,0,0,0.6670319,3,17,HighMobility,0,2026-08-05 23:12:30
Highway,94,ETU,5,9,1.48145308854772,5,0.1296875,0.238308189655172,1,0,0,0.9193089,3.7,17,HighMobility,0,2026-08-05 23:12:31
Highway,94,ETU,5,9,1.48415000759319,10,0.0296740301724138,0.0567349137931034,1,0,0,0.6499103,2.9,17,HighMobility,0,2026-08-05 23:12:32
Highway,94,ETU,5,9,1.48638640173814,15,0.00165678879310345,0.00328663793103448,0.3,1218000,1.26875,0.5420306,2.5,17,HighMobility,0,2026-08-05 23:12:32
Highway,94,ETU,5,9,1.31710124467639,20,0,0,0,1740000,1.8125,0.4950413,2,17,HighMobility,0,2026-08-05 23:12:33
Highway,94,ETU,5,9,1.40983188310704,25,0,0,0,1740000,1.8125,0.4830625,2,17,HighMobility,0,2026-08-05 23:12:33
Highway,94,ETU,5,9,1.48527236897934,30,0,0,0,1740000,1.8125,0.4801844,2,17,HighMobility,0,2026-08-05 23:12:34
Highway,69,ETU,5,9,1.08834287701157,0,0.227464978448276,0.398491379310345,1,0,0,0.5474986,2.8,18,HighMobility,0,2026-08-05 23:12:34
Highway,69,ETU,5,9,1.07068629925436,5,0.115086206896552,0.211799568965517,1,0,0,0.6879607,3.8,18,HighMobility,0,2026-08-05 23:12:35
Highway,69,ETU,5,9,1.07819303469645,10,0.0344288793103448,0.0668911637931034,0.9,174000,0.18125,0.6781448,3.5,18,HighMobility,0,2026-08-05 23:12:36
Highway,69,ETU,5,9,1.09059849854165,15,0.00343480603448276,0.00676185344827586,0.7,522000,0.54375,0.5444086,2.3,18,HighMobility,0,2026-08-05 23:12:36
Highway,69,ETU,5,9,1.09089710492291,20,0,0,0,1740000,1.8125,0.6109871,2,18,HighMobility,0,2026-08-05 23:12:37
Highway,69,ETU,5,9,1.08765916914614,25,0,0,0,1740000,1.8125,0.5129582,2,18,HighMobility,0,2026-08-05 23:12:38
Highway,69,ETU,5,9,0.943486532112931,30,0,0,0,1740000,1.8125,0.386967,2,18,HighMobility,0,2026-08-05 23:12:38
Highway,95,ETU,5,9,1.46662757654851,0,0.222669719827586,0.390651939655172,1,0,0,0.5421321,3.3,19,HighMobility,0,2026-08-05 23:12:38
Highway,95,ETU,5,9,1.50159616912342,5,0.120016163793103,0.220528017241379,1,0,0,0.5068836,3,19,HighMobility,0,2026-08-05 23:12:39
Highway,95,ETU,5,9,1.50227342440751,10,0.0231411637931034,0.0438308189655172,0.9,174000,0.18125,0.4763817,3.1,19,HighMobility,0,2026-08-05 23:12:39
Highway,95,ETU,5,9,1.49009536333985,15,0.00126616379310345,0.0025323275862069,0.3,1218000,1.26875,0.5185673,2.1,19,HighMobility,0,2026-08-05 23:12:40
Highway,95,ETU,5,9,1.50123637214676,20,0.000417564655172414,0.000835129310344828,0.1,1566000,1.63125,0.5546694,2.2,19,HighMobility,0,2026-08-05 23:12:41
Highway,95,ETU,5,9,1.4834018904641,25,0,0,0,1740000,1.8125,0.4831318,2,19,HighMobility,0,2026-08-05 23:12:41
Highway,95,ETU,5,9,1.4736277522061,30,0,0,0,1740000,1.8125,0.4060645,2,19,HighMobility,0,2026-08-05 23:12:41
Highway,102,ETU,5,9,1.60854858593278,0,0.20049838362069,0.356492456896552,1,0,0,0.5096773,3.4,20,HighMobility,0,2026-08-05 23:12:42
Highway,102,ETU,5,9,1.6042617877932,5,0.134105603448276,0.243022629310345,1,0,0,0.5551808,3.1,20,HighMobility,0,2026-08-05 23:12:42
Highway,102,ETU,5,9,1.61282410829721,10,0.0290678879310345,0.0555765086206897,1,0,0,0.9338184,3.5,20,HighMobility,0,2026-08-05 23:12:43
Highway,102,ETU,5,9,1.58513468840242,15,0.000646551724137931,0.00129310344827586,0.3,1218000,1.26875,0.53192,2.3,20,HighMobility,0,2026-08-05 23:12:44
Highway,102,ETU,5,9,1.60942691476276,20,0,0,0,1740000,1.8125,0.6843908,2,20,HighMobility,0,2026-08-05 23:12:45
Highway,102,ETU,5,9,1.60947792549939,25,0,0,0,1740000,1.8125,0.4350429,2,20,HighMobility,0,2026-08-05 23:12:45
Highway,102,ETU,5,9,1.5916867145899,30,0,0,0,1740000,1.8125,0.5622242,2,20,HighMobility,0,2026-08-05 23:12:46
HighSpeedRail,210,ETU,5,9,4.79147343215006,0,0.243022629310345,0.425619612068966,1,0,0,0.6674637,3.3,1,VeryHighMobility,0,2026-08-05 23:12:46
HighSpeedRail,210,ETU,5,9,4.88274850011476,5,0.118736530172414,0.22098599137931,1,0,0,0.7498982,2.9,1,VeryHighMobility,0,2026-08-05 23:12:47
HighSpeedRail,210,ETU,5,9,4.84962665481972,10,0.0332165948275862,0.0640625,1,0,0,0.6044884,3.5,1,VeryHighMobility,0,2026-08-05 23:12:48
HighSpeedRail,210,ETU,5,9,4.96587518174281,15,0.000942887931034483,0.00188577586206897,0.3,1218000,1.26875,0.6438304,2.4,1,VeryHighMobility,0,2026-08-05 23:12:48
HighSpeedRail,210,ETU,5,9,4.85296256164293,20,0,0,0,1740000,1.8125,0.7258579,2,1,VeryHighMobility,0,2026-08-05 23:12:49
HighSpeedRail,210,ETU,5,9,4.98119030982287,25,0,0,0,1740000,1.8125,0.7538305,2,1,VeryHighMobility,0,2026-08-05 23:12:50
HighSpeedRail,210,ETU,5,9,4.91092963942915,30,0,0,0,1740000,1.8125,0.7775327,2,1,VeryHighMobility,0,2026-08-05 23:12:51
HighSpeedRail,241,ETU,5,9,5.66477351020694,0,0.2234375,0.396605603448276,1,0,0,1.0020666,3.8,2,VeryHighMobility,0,2026-08-05 23:12:52
HighSpeedRail,241,ETU,5,9,5.69352410382949,5,0.116635237068966,0.216002155172414,1,0,0,0.8574765,2.6,2,VeryHighMobility,0,2026-08-05 23:12:52
HighSpeedRail,241,ETU,5,9,5.15835324461551,10,0.0518318965517241,0.0991109913793103,1,0,0,1.00979,3.3,2,VeryHighMobility,0,2026-08-05 23:12:53
HighSpeedRail,241,ETU,5,9,5.40149371238159,15,0.000713900862068966,0.00142780172413793,0.3,1218000,1.26875,0.8973984,2.4,2,VeryHighMobility,0,2026-08-05 23:12:54
HighSpeedRail,241,ETU,5,9,5.53311306208438,20,0,0,0,1740000,1.8125,0.8009866,2,2,VeryHighMobility,0,2026-08-05 23:12:55
HighSpeedRail,241,ETU,5,9,5.66324778002871,25,0,0,0,1740000,1.8125,0.4550214,2,2,VeryHighMobility,0,2026-08-05 23:12:56
HighSpeedRail,241,ETU,5,9,5.7056875146788,30,0,0,0,1740000,1.8125,0.4477861,2,2,VeryHighMobility,0,2026-08-05 23:12:56
HighSpeedRail,269,ETU,5,9,6.37759024020834,0,0.249003232758621,0.436018318965517,1,0,0,0.7122115,3.2,3,VeryHighMobility,0,2026-08-05 23:12:57
HighSpeedRail,269,ETU,5,9,6.26347472242855,5,0.119154094827586,0.223518318965517,1,0,0,0.5613537,3.1,3,VeryHighMobility,0,2026-08-05 23:12:57
HighSpeedRail,269,ETU,5,9,6.37941341436793,10,0.0162850215517241,0.0320043103448276,1,0,0,0.6464066,2.9,3,VeryHighMobility,0,2026-08-05 23:12:58
HighSpeedRail,269,ETU,5,9,6.37852667136951,15,5.38793103448276e-05,0.000107758620689655,0.3,1218000,1.26875,0.6629707,2.2,3,VeryHighMobility,0,2026-08-05 23:12:59
HighSpeedRail,269,ETU,5,9,6.38068181011511,20,0,0,0,1740000,1.8125,0.4802594,2,3,VeryHighMobility,0,2026-08-05 23:12:59
HighSpeedRail,269,ETU,5,9,6.03231861323792,25,0,0,0,1740000,1.8125,0.4481434,2,3,VeryHighMobility,0,2026-08-05 23:13:00
HighSpeedRail,269,ETU,5,9,6.28351001740483,30,0,0,0,1740000,1.8125,0.6306729,2,3,VeryHighMobility,0,2026-08-05 23:13:00
HighSpeedRail,241,ETU,5,9,5.70596372505428,0,0.216338900862069,0.383297413793103,1,0,0,0.7014179,3.9,4,VeryHighMobility,0,2026-08-05 23:13:01
HighSpeedRail,241,ETU,5,9,5.62366363483967,5,0.11551724137931,0.214897629310345,1,0,0,0.5692987,3.1,4,VeryHighMobility,0,2026-08-05 23:13:01
HighSpeedRail,241,ETU,5,9,5.51291919563788,10,0.0237742456896552,0.0464978448275862,1,0,0,0.8035472,3.4,4,VeryHighMobility,0,2026-08-05 23:13:02
HighSpeedRail,241,ETU,5,9,5.64779121369049,15,0.000538793103448276,0.00107758620689655,0.4,1044000,1.0875,0.5673527,2.3,4,VeryHighMobility,0,2026-08-05 23:13:03
HighSpeedRail,241,ETU,5,9,5.59636992519495,20,0,0,0,1740000,1.8125,0.4386337,2,4,VeryHighMobility,0,2026-08-05 23:13:03
HighSpeedRail,241,ETU,5,9,5.67495115129691,25,0,0,0,1740000,1.8125,0.4134232,2,4,VeryHighMobility,0,2026-08-05 23:13:04
HighSpeedRail,241,ETU,5,9,5.71575660829738,30,0,0,0,1740000,1.8125,0.407334,2,4,VeryHighMobility,0,2026-08-05 23:13:04
HighSpeedRail,205,ETU,5,9,4.85548411378586,0,0.230994073275862,0.406842672413793,1,0,0,0.6175648,3.1,5,VeryHighMobility,0,2026-08-05 23:13:05
HighSpeedRail,205,ETU,5,9,4.83966212170006,5,0.132839439655172,0.247575431034483,1,0,0,0.5442497,3.3,5,VeryHighMobility,0,2026-08-05 23:13:05
HighSpeedRail,205,ETU,5,9,4.83800937456161,10,0.015948275862069,0.0316002155172414,1,0,0,0.6156291,2.9,5,VeryHighMobility,0,2026-08-05 23:13:06
HighSpeedRail,205,ETU,5,9,4.8274273556023,15,0.0060614224137931,0.0120150862068966,0.4,1044000,1.0875,0.498584,2.4,5,VeryHighMobility,0,2026-08-05 23:13:06
HighSpeedRail,205,ETU,5,9,4.79577720992862,20,0,0,0,1740000,1.8125,0.5111265,2,5,VeryHighMobility,0,2026-08-05 23:13:07
HighSpeedRail,205,ETU,5,9,4.84143944417745,25,0,0,0,1740000,1.8125,0.4335909,2,5,VeryHighMobility,0,2026-08-05 23:13:07
HighSpeedRail,205,ETU,5,9,4.8299160192448,30,0,0,0,1740000,1.8125,0.5594675,2,5,VeryHighMobility,0,2026-08-05 23:13:08
HighSpeedRail,254,ETU,5,9,5.97778594519217,0,0.253758081896552,0.44129849137931,1,0,0,0.5605925,3,6,VeryHighMobility,0,2026-08-05 23:13:08
HighSpeedRail,254,ETU,5,9,6.0247332653056,5,0.111085668103448,0.207866379310345,1,0,0,0.5929579,2.9,6,VeryHighMobility,0,2026-08-05 23:13:09
HighSpeedRail,254,ETU,5,9,6.00920673290256,10,0.0111934267241379,0.0218480603448276,1,0,0,0.5816155,2.8,6,VeryHighMobility,0,2026-08-05 23:13:10
HighSpeedRail,254,ETU,5,9,5.8613868981048,15,0.00747575431034483,0.0147359913793103,0.7,522000,0.54375,0.7047521,2.6,6,VeryHighMobility,0,2026-08-05 23:13:10
HighSpeedRail,254,ETU,5,9,5.72691014507677,20,0,0,0,1740000,1.8125,0.6307643,2,6,VeryHighMobility,0,2026-08-05 23:13:11
HighSpeedRail,254,ETU,5,9,6.00477809087608,25,0,0,0,1740000,1.8125,0.6463345,2,6,VeryHighMobility,0,2026-08-05 23:13:12
HighSpeedRail,254,ETU,5,9,5.50538423183883,30,0,0,0,1740000,1.8125,0.5231281,2,6,VeryHighMobility,0,2026-08-05 23:13:12
HighSpeedRail,266,ETU,5,9,6.30194176671892,0,0.247696659482759,0.430226293103448,1,0,0,0.6209751,2.7,7,VeryHighMobility,0,2026-08-05 23:13:13
HighSpeedRail,266,ETU,5,9,6.27708408865264,5,0.134913793103448,0.249030172413793,1,0,0,0.6793003,3.5,7,VeryHighMobility,0,2026-08-05 23:13:13
HighSpeedRail,266,ETU,5,9,6.25854227680482,10,0.0350484913793103,0.0677532327586207,1,0,0,0.6841222,3.6,7,VeryHighMobility,0,2026-08-05 23:13:14
HighSpeedRail,266,ETU,5,9,6.20798807223801,15,0.000309806034482759,0.000619612068965517,0.5,870000,0.90625,0.4350823,2.3,7,VeryHighMobility,0,2026-08-05 23:13:15
HighSpeedRail,266,ETU,5,9,6.30835973619409,20,0,0,0,1740000,1.8125,0.6833747,2.1,7,VeryHighMobility,0,2026-08-05 23:13:15
HighSpeedRail,266,ETU,5,9,6.30299325397135,25,0,0,0,1740000,1.8125,0.5653654,2,7,VeryHighMobility,0,2026-08-05 23:13:16
HighSpeedRail,266,ETU,5,9,6.20127973748044,30,0,0,0,1740000,1.8125,0.6422672,2,7,VeryHighMobility,0,2026-08-05 23:13:16
HighSpeedRail,251,ETU,5,9,5.8512741169544,0,0.239224137931034,0.421605603448276,1,0,0,0.6752327,3.3,8,VeryHighMobility,0,2026-08-05 23:13:17
HighSpeedRail,251,ETU,5,9,5.74435598282688,5,0.137163254310345,0.252397629310345,1,0,0,0.5213603,2.5,8,VeryHighMobility,0,2026-08-05 23:13:18
HighSpeedRail,251,ETU,5,9,5.95262727204457,10,0.0583917025862069,0.109401939655172,1,0,0,0.4739217,3.1,8,VeryHighMobility,0,2026-08-05 23:13:18
HighSpeedRail,251,ETU,5,9,5.95356039509191,15,0.00021551724137931,0.000431034482758621,0.4,1044000,1.0875,0.4598652,2.2,8,VeryHighMobility,0,2026-08-05 23:13:19
HighSpeedRail,251,ETU,5,9,5.8807538472092,20,0,0,0,1740000,1.8125,0.4633391,2,8,VeryHighMobility,0,2026-08-05 23:13:19
HighSpeedRail,251,ETU,5,9,5.87121417427768,25,0,0,0,1740000,1.8125,0.5787478,2,8,VeryHighMobility,0,2026-08-05 23:13:20
HighSpeedRail,251,ETU,5,9,5.4276705457315,30,0,0,0,1740000,1.8125,0.4171941,2,8,VeryHighMobility,0,2026-08-05 23:13:20
HighSpeedRail,294,ETU,5,9,6.5345100723903,0,0.223841594827586,0.396147629310345,1,0,0,0.712139,3.5,9,VeryHighMobility,0,2026-08-05 23:13:21
HighSpeedRail,294,ETU,5,9,5.92878724549744,5,0.127491918103448,0.237203663793103,1,0,0,0.8346153,3.7,9,VeryHighMobility,0,2026-08-05 23:13:22
HighSpeedRail,294,ETU,5,9,6.96324882063185,10,0.0195716594827586,0.0383620689655172,1,0,0,0.4937728,3,9,VeryHighMobility,0,2026-08-05 23:13:22
HighSpeedRail,294,ETU,5,9,6.97369800170145,15,0.000660021551724138,0.00132004310344828,0.5,870000,0.90625,0.5460869,2.3,9,VeryHighMobility,0,2026-08-05 23:13:23
HighSpeedRail,294,ETU,5,9,6.96868652927378,20,1.34698275862069e-05,2.69396551724138e-05,0.1,1566000,1.63125,0.6159412,2,9,VeryHighMobility,0,2026-08-05 23:13:23
HighSpeedRail,294,ETU,5,9,6.94952881679006,25,0,0,0,1740000,1.8125,0.5918391,2,9,VeryHighMobility,0,2026-08-05 23:13:24
HighSpeedRail,294,ETU,5,9,6.83106553479053,30,0,0,0,1740000,1.8125,0.6870522,2,9,VeryHighMobility,0,2026-08-05 23:13:25
HighSpeedRail,259,ETU,5,9,5.27979470657393,0,0.252640086206897,0.439143318965517,1,0,0,0.9261731,4,10,VeryHighMobility,0,2026-08-05 23:13:25
HighSpeedRail,259,ETU,5,9,6.13834374610546,5,0.120110452586207,0.222467672413793,1,0,0,0.6107833,3.6,10,VeryHighMobility,0,2026-08-05 23:13:26
HighSpeedRail,259,ETU,5,9,5.84783157995126,10,0.014385775862069,0.0283405172413793,1,0,0,0.7620348,3.4,10,VeryHighMobility,0,2026-08-05 23:13:27
HighSpeedRail,259,ETU,5,9,6.11195504956501,15,0.000377155172413793,0.000754310344827586,0.3,1218000,1.26875,0.8962532,2.3,10,VeryHighMobility,0,2026-08-05 23:13:28
HighSpeedRail,259,ETU,5,9,6.13300462865111,20,0,0,0,1740000,1.8125,0.6225482,2,10,VeryHighMobility,0,2026-08-05 23:13:28
HighSpeedRail,259,ETU,5,9,6.13534128307517,25,0,0,0,1740000,1.8125,0.5232775,2,10,VeryHighMobility,0,2026-08-05 23:13:29
HighSpeedRail,259,ETU,5,9,6.07927200033356,30,0,0,0,1740000,1.8125,0.4527015,2,10,VeryHighMobility,0,2026-08-05 23:13:29
HighSpeedRail,290,ETU,5,9,6.8411197890912,0,0.234186422413793,0.408782327586207,1,0,0,0.784509,3.9,11,VeryHighMobility,0,2026-08-05 23:13:30
HighSpeedRail,290,ETU,5,9,6.23872415348175,5,0.111934267241379,0.208028017241379,1,0,0,0.7275314,3.6,11,VeryHighMobility,0,2026-08-05 23:13:31
HighSpeedRail,290,ETU,5,9,6.87797269049715,10,0.0198679956896552,0.0391433189655172,0.9,174000,0.18125,1.0421004,3.6,11,VeryHighMobility,0,2026-08-05 23:13:32
HighSpeedRail,290,ETU,5,9,6.62990628796263,15,0.00126616379310345,0.0025323275862069,0.5,870000,0.90625,0.7305179,2.6,11,VeryHighMobility,0,2026-08-05 23:13:33
HighSpeedRail,290,ETU,5,9,6.87652595905062,20,0,0,0,1740000,1.8125,0.6324089,2,11,VeryHighMobility,0,2026-08-05 23:13:33
HighSpeedRail,290,ETU,5,9,6.8765039705214,25,0,0,0,1740000,1.8125,0.7246648,2,11,VeryHighMobility,0,2026-08-05 23:13:34
HighSpeedRail,290,ETU,5,9,6.87034805524476,30,0,0,0,1740000,1.8125,0.7142368,2,11,VeryHighMobility,0,2026-08-05 23:13:35
HighSpeedRail,214,ETU,5,9,5.07274564403249,0,0.261382004310345,0.453205818965517,1,0,0,0.9420613,3.1,12,VeryHighMobility,0,2026-08-05 23:13:36
HighSpeedRail,214,ETU,5,9,5.07588969975404,5,0.111126077586207,0.205414870689655,1,0,0,1.0289446,3.4,12,VeryHighMobility,0,2026-08-05 23:13:37
HighSpeedRail,214,ETU,5,9,4.91410538136409,10,0.0375942887931034,0.0720366379310345,0.9,174000,0.18125,0.6492063,2.9,12,VeryHighMobility,0,2026-08-05 23:13:37
HighSpeedRail,214,ETU,5,9,5.02168230717223,15,0.000350215517241379,0.000700431034482759,0.2,1392000,1.45,0.6483606,2.4,12,VeryHighMobility,0,2026-08-05 23:13:38
HighSpeedRail,214,ETU,5,9,4.69015976590867,20,0,0,0,1740000,1.8125,0.5528221,2,12,VeryHighMobility,0,2026-08-05 23:13:39
HighSpeedRail,214,ETU,5,9,5.07607550640462,25,0,0,0,1740000,1.8125,0.5775922,2,12,VeryHighMobility,0,2026-08-05 23:13:39
HighSpeedRail,214,ETU,5,9,5.05126117386251,30,0,0,0,1740000,1.8125,0.5670477,2,12,VeryHighMobility,0,2026-08-05 23:13:40
HighSpeedRail,214,ETU,5,9,4.93859409065837,0,0.257179418103448,0.446794181034483,1,0,0,0.7702873,3.8,13,VeryHighMobility,0,2026-08-05 23:13:40
HighSpeedRail,214,ETU,5,9,4.80996722106929,5,0.105711206896552,0.199407327586207,1,0,0,0.8077993,3.3,13,VeryHighMobility,0,2026-08-05 23:13:41
HighSpeedRail,214,ETU,5,9,4.90072465854825,10,0.0409617456896552,0.0760506465517241,1,0,0,0.5973032,3.1,13,VeryHighMobility,0,2026-08-05 23:13:42
HighSpeedRail,214,ETU,5,9,5.00704983531009,15,0.000471443965517241,0.000942887931034483,0.6,696000,0.725,0.6975908,2.4,13,VeryHighMobility,0,2026-08-05 23:13:43
HighSpeedRail,214,ETU,5,9,5.07536802089207,20,0,0,0,1740000,1.8125,0.724918,2,13,VeryHighMobility,0,2026-08-05 23:13:43
HighSpeedRail,214,ETU,5,9,4.66853198917603,25,0,0,0,1740000,1.8125,0.6677613,2,13,VeryHighMobility,0,2026-08-05 23:13:44
HighSpeedRail,214,ETU,5,9,5.00809680540819,30,0,0,0,1740000,1.8125,0.4061705,2,13,VeryHighMobility,0,2026-08-05 23:13:44
HighSpeedRail,281,ETU,5,9,6.66500064846136,0,0.262432650862069,0.454067887931034,1,0,0,0.5912528,3.7,14,VeryHighMobility,0,2026-08-05 23:13:45
HighSpeedRail,281,ETU,5,9,6.6310441187883,5,0.170352909482759,0.309159482758621,1,0,0,0.6313479,3.5,14,VeryHighMobility,0,2026-08-05 23:13:46
HighSpeedRail,281,ETU,5,9,6.62127098784519,10,0.021807650862069,0.0423760775862069,1,0,0,0.6832518,3.4,14,VeryHighMobility,0,2026-08-05 23:13:46
HighSpeedRail,281,ETU,5,9,6.66261622104144,15,0.00165678879310345,0.0033135775862069,0.4,1044000,1.0875,0.6460091,2.6,14,VeryHighMobility,0,2026-08-05 23:13:47
HighSpeedRail,281,ETU,5,9,6.10573854630091,20,0,0,0,1740000,1.8125,0.6517953,2,14,VeryHighMobility,0,2026-08-05 23:13:48
HighSpeedRail,281,ETU,5,9,6.66209892232772,25,0,0,0,1740000,1.8125,0.5457812,2,14,VeryHighMobility,0,2026-08-05 23:13:48
HighSpeedRail,281,ETU,5,9,6.262164002238,30,0,0,0,1740000,1.8125,0.6321794,2,14,VeryHighMobility,0,2026-08-05 23:13:49
HighSpeedRail,240,ETU,5,9,5.64827483852044,0,0.233741918103448,0.40859375,1,0,0,0.7281472,3.1,15,VeryHighMobility,0,2026-08-05 23:13:49
HighSpeedRail,240,ETU,5,9,5.53107841303682,5,0.111503232758621,0.209509698275862,1,0,0,0.8491279,2.7,15,VeryHighMobility,0,2026-08-05 23:13:50
HighSpeedRail,240,ETU,5,9,5.31452075099811,10,0.0228448275862069,0.0438577586206897,1,0,0,0.8528736,3.1,15,VeryHighMobility,0,2026-08-05 23:13:51
HighSpeedRail,240,ETU,5,9,4.99126390736954,15,0.000255926724137931,0.000511853448275862,0.4,1044000,1.0875,0.6070889,2.3,15,VeryHighMobility,0,2026-08-05 23:13:52
HighSpeedRail,240,ETU,5,9,5.30485278107966,20,0,0,0,1740000,1.8125,0.6516151,2,15,VeryHighMobility,0,2026-08-05 23:13:52
HighSpeedRail,240,ETU,5,9,5.69265684570579,25,0,0,0,1740000,1.8125,0.6183665,2,15,VeryHighMobility,0,2026-08-05 23:13:53
HighSpeedRail,240,ETU,5,9,5.65232490095353,30,0,0,0,1740000,1.8125,0.6393674,2,15,VeryHighMobility,0,2026-08-05 23:13:54
HighSpeedRail,217,ETU,5,9,5.12263700731329,0,0.216500538793103,0.383997844827586,1,0,0,0.8175335,3.1,16,VeryHighMobility,0,2026-08-05 23:13:54
HighSpeedRail,217,ETU,5,9,5.13967008941921,5,0.124622844827586,0.231842672413793,1,0,0,0.6494583,3.2,16,VeryHighMobility,0,2026-08-05 23:13:55
HighSpeedRail,217,ETU,5,9,4.69747099599017,10,0.0198679956896552,0.0388739224137931,1,0,0,0.7955748,2.8,16,VeryHighMobility,0,2026-08-05 23:13:56
HighSpeedRail,217,ETU,5,9,4.91284495104338,15,0.00185883620689655,0.0037176724137931,0.4,1044000,1.0875,0.5482293,2.4,16,VeryHighMobility,0,2026-08-05 23:13:56
HighSpeedRail,217,ETU,5,9,5.14534433074941,20,0,0,0,1740000,1.8125,0.6057754,2,16,VeryHighMobility,0,2026-08-05 23:13:57
HighSpeedRail,217,ETU,5,9,5.13820903306691,25,0,0,0,1740000,1.8125,0.5487947,2,16,VeryHighMobility,0,2026-08-05 23:13:58
HighSpeedRail,217,ETU,5,9,5.13798904563345,30,0,0,0,1740000,1.8125,0.4910143,2,16,VeryHighMobility,0,2026-08-05 23:13:58
HighSpeedRail,293,ETU,5,9,6.82466485964357,0,0.238442887931034,0.41629849137931,1,0,0,0.6225173,3.5,17,VeryHighMobility,0,2026-08-05 23:13:59
HighSpeedRail,293,ETU,5,9,6.61842952550758,5,0.100309806034483,0.18817349137931,1,0,0,0.5730205,3.3,17,VeryHighMobility,0,2026-08-05 23:13:59
HighSpeedRail,293,ETU,5,9,6.91481949297615,10,0.0220501077586207,0.0429148706896552,1,0,0,0.5776818,3.8,17,VeryHighMobility,0,2026-08-05 23:14:00
HighSpeedRail,293,ETU,5,9,6.74216295104087,15,0.000552262931034483,0.00110452586206897,0.5,870000,0.90625,0.5350598,2.4,17,VeryHighMobility,0,2026-08-05 23:14:00
HighSpeedRail,293,ETU,5,9,6.94274898929912,20,0,0,0,1740000,1.8125,0.3979034,2,17,VeryHighMobility,0,2026-08-05 23:14:01
HighSpeedRail,293,ETU,5,9,6.94287022523669,25,0,0,0,1740000,1.8125,0.4129819,2,17,VeryHighMobility,0,2026-08-05 23:14:01
HighSpeedRail,293,ETU,5,9,6.9477980582861,30,0,0,0,1740000,1.8125,0.446325,2,17,VeryHighMobility,0,2026-08-05 23:14:02
HighSpeedRail,235,ETU,5,9,5.5713546459107,0,0.219194504310345,0.389304956896552,1,0,0,0.5876744,3.2,18,VeryHighMobility,0,2026-08-05 23:14:02
HighSpeedRail,235,ETU,5,9,5.57370731182904,5,0.132394935344828,0.244234913793103,1,0,0,0.6742563,2.8,18,VeryHighMobility,0,2026-08-05 23:14:03
HighSpeedRail,235,ETU,5,9,5.26919522207363,10,0.0224542025862069,0.04375,1,0,0,0.8010607,3.4,18,VeryHighMobility,0,2026-08-05 23:14:04
HighSpeedRail,235,ETU,5,9,5.5722182502447,15,0.000457974137931034,0.000915948275862069,0.4,1044000,1.0875,0.6154861,2.3,18,VeryHighMobility,0,2026-08-05 23:14:04
HighSpeedRail,235,ETU,5,9,5.38618654179327,20,0,0,0,1740000,1.8125,0.5408085,2,18,VeryHighMobility,0,2026-08-05 23:14:05
HighSpeedRail,235,ETU,5,9,5.45873680108702,25,0,0,0,1740000,1.8125,0.448981,2,18,VeryHighMobility,0,2026-08-05 23:14:05
HighSpeedRail,235,ETU,5,9,5.55148155975889,30,0,0,0,1740000,1.8125,0.5587717,2,18,VeryHighMobility,0,2026-08-05 23:14:06
HighSpeedRail,275,ETU,5,9,6.48900382271806,0,0.24403286637931,0.427640086206897,1,0,0,0.7675878,3.4,19,VeryHighMobility,0,2026-08-05 23:14:07
HighSpeedRail,275,ETU,5,9,6.48797634604782,5,0.137257543103448,0.254256465517241,1,0,0,0.9314129,3,19,VeryHighMobility,0,2026-08-05 23:14:08
HighSpeedRail,275,ETU,5,9,6.51517479366533,10,0.0189789870689655,0.0371497844827586,0.9,174000,0.18125,0.5774023,3.2,19,VeryHighMobility,0,2026-08-05 23:14:08
HighSpeedRail,275,ETU,5,9,6.0135209699372,15,0.000633081896551724,0.00126616379310345,0.3,1218000,1.26875,0.7048718,2.3,19,VeryHighMobility,0,2026-08-05 23:14:09
HighSpeedRail,275,ETU,5,9,6.41020111345541,20,0,0,0,1740000,1.8125,0.5399854,2,19,VeryHighMobility,0,2026-08-05 23:14:09
HighSpeedRail,275,ETU,5,9,6.52303040970818,25,0,0,0,1740000,1.8125,0.5135049,2,19,VeryHighMobility,0,2026-08-05 23:14:10
HighSpeedRail,275,ETU,5,9,6.35243903358564,30,0,0,0,1740000,1.8125,0.5845871,2,19,VeryHighMobility,0,2026-08-05 23:14:11
HighSpeedRail,273,ETU,5,9,5.95373291263258,0,0.221147629310345,0.392510775862069,1,0,0,0.7066754,3.6,20,VeryHighMobility,0,2026-08-05 23:14:11
HighSpeedRail,273,ETU,5,9,5.90621366061805,5,0.10546875,0.197575431034483,1,0,0,0.8913807,3,20,VeryHighMobility,0,2026-08-05 23:14:12
HighSpeedRail,273,ETU,5,9,6.40729158751027,10,0.0181842672413793,0.0358028017241379,1,0,0,0.9268665,4.4,20,VeryHighMobility,0,2026-08-05 23:14:13
HighSpeedRail,273,ETU,5,9,6.45822984334737,15,0.000686961206896552,0.0013739224137931,0.5,870000,0.90625,0.5283414,2.5,20,VeryHighMobility,0,2026-08-05 23:14:14
HighSpeedRail,273,ETU,5,9,6.4108074119264,20,0,0,0,1740000,1.8125,0.5246469,2.1,20,VeryHighMobility,0,2026-08-05 23:14:14
HighSpeedRail,273,ETU,5,9,6.44363843993653,25,0,0,0,1740000,1.8125,0.6009476,2,20,VeryHighMobility,0,2026-08-05 23:14:15
HighSpeedRail,273,ETU,5,9,6.47497054912127,30,0,0,0,1740000,1.8125,0.4022742,2,20,VeryHighMobility,0,2026-08-05 23:14:15
